北京,,2017-03-02,tomacado花厨,温野菜日式火锅,鳗鳗的爱(西单大悦城店),第六季自助餐厅(北太平庄店),京兆尹,局气(西单店),伊豆野菜村(金地中心店),第六季自助餐厅(西三环店),四季民福烤鸭店(故宫店),局气(五道口购物中心店)
北京,北京,2017-03-02,tomacado花厨,温野菜日式火锅,鳗鳗的爱(西单大悦城店),第六季自助餐厅(北太平庄店),京兆尹,局气(西单店),伊豆野菜村(金地中心店),第六季自助餐厅(西三环店),四季民福烤鸭店(故宫店),局气(五道口购物中心店)
北京,,2017-03-01,温野菜日式火锅,鳗鳗的爱(西单大悦城店),tomacado花厨,京兆尹,盘古七星酒店自助餐厅,刘宅食府,四季民福烤鸭店(故宫店),局气(西单店),第六季自助餐厅(西三环店),伊豆野菜村(金地中心店)
北京,北京,2017-03-01,温野菜日式火锅,鳗鳗的爱(西单大悦城店),tomacado花厨,京兆尹,盘古七星酒店自助餐厅,刘宅食府,四季民福烤鸭店(故宫店),局气(西单店),第六季自助餐厅(西三环店),伊豆野菜村(金地中心店)
天津,,2017-03-02,赤道那海海鲜体验主题餐厅(鼓楼店),胡桃里音乐酒馆(和平旗舰店),天津老码头,胡桃里音乐酒馆(奥体明星店),汉巴味德,鳗鳗的爱(和平大悦城店),Mr·猪时尚主题餐厅(和平店),泰钰丰(永安道店),鲸岚·烧肉夜食,小吾厨房(和平大悦城店)
天津,天津,2017-03-02,赤道那海海鲜体验主题餐厅(鼓楼店),胡桃里音乐酒馆(和平旗舰店),天津老码头,胡桃里音乐酒馆(奥体明星店),汉巴味德,鳗鳗的爱(和平大悦城店),Mr·猪时尚主题餐厅(和平店),泰钰丰(永安道店),鲸岚·烧肉夜食,小吾厨房(和平大悦城店)
天津,,2017-03-01,赤道那海海鲜体验主题餐厅(鼓楼店),胡桃里音乐酒馆(和平旗舰店),胡桃里音乐酒馆(奥体明星店),将太无二(中粮大悦城店),天津老码头,汉巴味德,丽思卡尔顿酒店香溢自助餐厅,刀叉遇上筷子餐厅.宵夜(和平店),鳗鳗的爱(和平大悦城店),似锦年华.川粤席
天津,天津,2017-03-01,赤道那海海鲜体验主题餐厅(鼓楼店),胡桃里音乐酒馆(和平旗舰店),胡桃里音乐酒馆(奥体明星店),将太无二(中粮大悦城店),天津老码头,汉巴味德,丽思卡尔顿酒店香溢自助餐厅,刀叉遇上筷子餐厅.宵夜(和平店),鳗鳗的爱(和平大悦城店),似锦年华.川粤席
河北,,2017-03-02,满园春饼·烤鸭(万达店),小放牛餐厅(北国西扩店),东方红海鲜百汇(国际大厦店),茉莉花开创意川味餐厅(北国店),多嘴肉蟹煲,胡桃里音乐酒馆(石家庄店),春园烤肉王(勒泰店),桐花凤正宗香河肉饼大王,岩居酒屋,希尔顿视界美食自助餐厅
河北,石家庄,2017-03-02,小放牛餐厅(北国西扩店),东方红海鲜百汇(国际大厦店),茉莉花开创意川味餐厅(北国店),胡桃里音乐酒馆(石家庄店),春园烤肉王(勒泰店),岩居酒屋,希尔顿视界美食自助餐厅,茉莉花开创意川味餐厅(万象天成店),春园烤肉王(怀特店),黄牛党潮汕牛肉火锅店(万达店)
河北,唐山,2017-03-02,比尔森啤酒烤肉自助餐厅(唐山爱琴海店),艾比利烤肉火锅自助城,小放牛(唐山爱琴海店),罗孚宫西餐牛排,Super鳗日料餐厅,韩丽轩自助烧烤城(三利店),卢卡兹西餐厅,特比特自助健康烤肉,伊尔曼都自助烤肉餐厅(丰南店),百一铁板烧(北新道店)
河北,秦皇岛,2017-03-02,晓捷平价海鲜(16年老店),五粮液海鲜大酒店,海鲜居(海鲜城店),埃蒙小镇,从前慢戴河蒸汽海鲜,岩崎日本料理,成均馆,芥岛,小港味道,海鲜居(赶海部落店)
河北,邯郸,2017-03-02,佰烧海鲜烤肉自助,满園春饼·烤鸭(邯郸新世纪店),璐法式铁板烧自助餐厅,海底捞火锅(新世纪广场店),比特堡啤酒健康烤肉餐厅,金滏山时尚健康烤肉,比特堡海鲜美食庄园,春园烤肉王自助休闲餐厅,喜鹊小馆,大如意潮汕牛肉火锅
河北,邢台,2017-03-02,南巷餐厅(秀兰店),老渔夫蒸汽海鲜餐厅,南巷餐厅(盛世店),燚Yi鱼巫山烤鱼(天一店),虾吃虾涮(天一店),权金城(世贸天街店),三醉居,必胜客(天一城店),拿渡麻辣香锅(北国商城店),蒙海肴自助餐厅
河北,保定,2017-03-02,南蛮亭,闫家驴肉老店,豪食国际美食自助(高开区店),比尔斯烤肉自助餐厅,上谷厨院,北斗星小放牛时尚餐厅(万博广场店),杜家小馆(裕华路店),木石日本料理餐厅(万博店),谭记旺品(小谭山),艾品牛排(万博店)
河北,张家口,2017-03-02,玖佰味,村里香农家菜,百焰蘸汁烤肉,香园楼(西坝岗店),蓝鲸悦海酒店·自助餐厅,阳坊胜利涮羊肉(崇礼店),东口码头1909,香园楼(钻石路店),国际大酒店餐厅(餐饮部),宝华大铁锅
河北,承德,2017-03-02,新乾隆酒楼(帝景园店),乔家满族八大碗(流水沟店),印象承德厨房,寂寞的豆芽,新园清真回回,悦.西餐,美都波韩式烤肉,大三和(钟鼓楼店),集杰尚品自助烤肉,福慧斋素食
河北,沧州,2017-03-02,权金城烤肉(新华路),17海里,韩釜宫(新华路店),大鲨鱼自助,肆月天时尚自选餐厅,千百万日本料理,0317秘制火锅鸡(天成店),猫小猫家肉蟹煲(华北七楼店),李李家串串火锅鸡(水月寺店),鱼越烤鱼
河北,廊坊,2017-03-02,满园春饼·烤鸭(万达店),多嘴肉蟹煲,桐花凤正宗香河肉饼大王,满園春饼·烤鸭(燕郊永旺店),玛雅铁板烧餐厅(燕郊永旺店),忠院.廊坊印象菜.烤鸭,大合唱·中國菜,坛笑香담소골(燕郊店),V法式西餐厅,鲸鲨国际美食自助百汇
河北,,2017-03-01,满园春饼·烤鸭(万达店),多嘴肉蟹煲,胡桃里音乐酒馆(石家庄店),满園春饼·烤鸭(燕郊永旺店),东方红海鲜百汇(国际大厦店),春园烤肉王(怀特店),希尔顿视界美食自助餐厅,茉莉花开创意川味餐厅(北国店),春园烤肉王(勒泰店),小放牛餐厅(北国西扩店)
河北,石家庄,2017-03-01,胡桃里音乐酒馆(石家庄店),东方红海鲜百汇(国际大厦店),春园烤肉王(怀特店),茉莉花开创意川味餐厅(北国店),希尔顿视界美食自助餐厅,春园烤肉王(勒泰店),小放牛餐厅(北国西扩店),茉莉花开创意川味餐厅(万象天成店),大金延边朝鲜族烤串(维明店),第五街西餐厅
河北,唐山,2017-03-01,特比特自助健康烤肉,Super鳗日料餐厅,比尔森啤酒烤肉自助餐厅(唐山爱琴海店),韩丽轩自助烧烤城(三利店),海食家餐厅天然蒸汽碳烤海鲜,小放牛(唐山爱琴海店),伊尔曼都自助烤肉餐厅(丰南店),伊尔曼都烤肉自助餐厅(万达店),卢卡兹西餐厅,艾比利烤肉火锅自助城
河北,秦皇岛,2017-03-01,晓捷平价海鲜(16年老店),海天一色(秦皇岛店),芥岛,埃蒙小镇,从前慢戴河蒸汽海鲜,海鲜居(海鲜城店),五粮液海鲜大酒店,岩崎日本料理,海鲜居(赶海部落店),恩你小木屋米酒店
河北,邯郸,2017-03-01,满園春饼·烤鸭(邯郸新世纪店),比特堡啤酒健康烤肉餐厅,璐法式铁板烧自助餐厅,海底捞火锅(新世纪广场店),金滏山时尚健康烤肉,喜鹊小馆,比特堡海鲜美食庄园,胖哥俩肉蟹煲(天鸿广场店),佰烧海鲜烤肉自助,彭厨
河北,邢台,2017-03-01,阿里小甄,权金城(世贸天街店),焖锅达人,张姐烤肉拌饭,致青春主题餐厅,梧桐院子(天一店),南巷餐厅(秀兰店),丽景港式茶餐厅,火库部队火锅,顺風123(中兴东大街)
河北,保定,2017-03-01,南蛮亭,北斗星小放牛时尚餐厅(万博广场店),比格自助比萨(商业大厦店),表妹香港靓点餐厅,比尔斯烤肉自助餐厅,上谷厨院,闫家驴肉老店,杜家小馆(裕华路店),喵探碳烤全鱼,树下时尚餐厅(翠园街店)
河北,张家口,2017-03-01,玖佰味,阳坊胜利涮羊肉(崇礼店),百焰蘸汁烤肉,香园楼(西坝岗店),蓝鲸悦海酒店·自助餐厅,丽江家人,香园楼(钻石路店),上谷烧烤(崇礼第一烧烤),丽娟杀猪菜,铜锅居四季涮肉
河北,沧州,2017-03-01,油焖大虾(清真),权金城烤肉(新华路),富丽园自助烤肉城,全聚德(解放西路店),时尚超越火锅鸡,额娘春饼(华北七楼店),17海里,无穷花韩国料理(金狮店),亚马逊自助烤肉,猫小猫家肉蟹煲(华北七楼店)
河北,廊坊,2017-03-01,满园春饼·烤鸭(万达店),多嘴肉蟹煲,满園春饼·烤鸭(燕郊永旺店),坛笑香담소골(燕郊店),玛雅铁板烧餐厅(燕郊永旺店),桐花凤正宗香河肉饼大王,大合唱·中國菜,V法式西餐厅,忠院.廊坊印象菜.烤鸭,海天盛宴海鲜自助火锅
山西,,2017-03-02,锦上云,Amber琥珀西餐厅,HI爆+重庆江湖菜(丽华苑店),老太原菜馆(南宫店),很高兴遇见你,J’s Kitchen 杰的厨房,梵,稻福临(柳巷店),十月·情侣主题咖啡馆,胡桃里音乐酒馆
山西,太原,2017-03-02,锦上云,Amber琥珀西餐厅,HI爆+重庆江湖菜(丽华苑店),老太原菜馆(南宫店),很高兴遇见你,J’s Kitchen 杰的厨房,梵,稻福临(柳巷店),十月·情侣主题咖啡馆,胡桃里音乐酒馆
山西,大同,2017-03-02,凤临阁,凤临阁,胡桃里音乐酒馆,弘雅饭店,热辣壹号(大同店),徐记小菜,秋葵家,蔡家酒楼一部(永安大街),大同府家宴,鼓楼东街老火锅
山西,晋中,2017-03-02,天元奎饭店,德居源,客回头小吃,圣宴,喜迎春饭店之三碗不过岗,老太原菜馆(榆次店),云锦成饭店,小龙坎老火锅,薛阿婆,德居源客栈
山西,临汾,2017-03-02,胖哥俩肉蟹煲(临汾店),老地方餐饮名店,环球约客涮烤自助美食汇,土菜杂粮鱼府,福尚轩自助烤肉(美特好店),动物园西餐咖啡ZOO COFFEE(工贸店),神秘大叔融合餐厅,川渝印象,粥鼎记(东城店),德得轩韩式自助烤肉(福利巷店)
山西,,2017-03-01,锦上云,HI爆+重庆江湖菜(丽华苑店),Amber琥珀西餐厅,很高兴遇见你,胡桃里音乐酒馆,老太原菜馆(南宫店),梵,J’s Kitchen 杰的厨房,稻福临(柳巷店),河东颐祥阁(世贸店)
山西,太原,2017-03-01,锦上云,HI爆+重庆江湖菜(丽华苑店),Amber琥珀西餐厅,很高兴遇见你,胡桃里音乐酒馆,老太原菜馆(南宫店),梵,J’s Kitchen 杰的厨房,稻福临(柳巷店),河东颐祥阁(世贸店)
山西,大同,2017-03-01,凤临阁,热辣壹号(大同店),凤临阁,胡桃里音乐酒馆,鼓楼东街老火锅,凯鸽火锅城(五部),凯鸽酒楼(操场城店),紫泥369粗粮季(北都街店),蔡家酒楼一部(永安大街),大同府家宴
山西,晋中,2017-03-01,德居源,天元奎饭店,圣宴,喜迎春饭店之三碗不过岗,德得轩(榆次店),客回头小吃,1989西餐厅,薛阿婆,老太原菜馆(榆次店),德居源客栈
山西,临汾,2017-03-01,胖哥俩肉蟹煲(临汾店),老地方餐饮名店,环球约客涮烤自助美食汇,品卓pizza caffe bene,土菜杂粮鱼府,好伦哥海鲜自助,毛毛风尚自助火锅,荃海海鲜超市(二部),富兴隆酒店,福尚轩自助烤肉(美特好店)
内蒙古,,2017-03-02,额尔敦传统涮(公园西路店),格日勒阿妈奶茶馆(将军衙署西侧店),皇城老妈火锅(北垣东街店),格日勒阿妈奶茶馆(市政府店),胡桃里音乐酒馆,桐昕巷,多妈韩国炸鸡,和萌牛肠烧烤店,额尔敦必福牛匠,李家老院子
内蒙古,呼和浩特,2017-03-02,额尔敦传统涮(公园西路店),格日勒阿妈奶茶馆(将军衙署西侧店),皇城老妈火锅(北垣东街店),格日勒阿妈奶茶馆(市政府店),胡桃里音乐酒馆,桐昕巷,多妈韩国炸鸡,和萌牛肠烧烤店,额尔敦必福牛匠,富郎车仔(万达店)
内蒙古,包头,2017-03-02,辣府(信得惠商业街店),品味老包头(青山店),小肥羊(包头总餐厅),东京的故事,北海道の味,京华府,莫奈·法餐厅,黑石·摩羯座,蓝钻美食海鲜自助百汇,胡同烤串
内蒙古,呼伦贝尔,2017-03-02,卢布里西餐厅(海拉尔店),卢布里西餐厅(总店),索伦嘎五彩涮(海拉尔总店),满汉全席火锅城,海贼王主题餐厅,潮牛四季鲜牛肉火锅,手把签幸福烧烤,晓荷塘主题火锅(河东店),菌香原健康主题火锅(河西店),糖茶煮意料理茶工坊
内蒙古,,2017-03-01,胡桃里音乐酒馆,格日勒阿妈奶茶馆(将军衙署西侧店),巴彦德乐海,谭记叁拾三間堂意境私房菜,额尔敦传统涮(公园西路店),渔上鲜·海鲜大咖,樱时花见日本料理铁板烧,品味老包头(青山店),格日勒阿妈奶茶馆(锡林北路店),辣府(信得惠商业街店)
内蒙古,呼和浩特,2017-03-01,胡桃里音乐酒馆,格日勒阿妈奶茶馆(将军衙署西侧店),巴彦德乐海,谭记叁拾三間堂意境私房菜,额尔敦传统涮(公园西路店),渔上鲜·海鲜大咖,樱时花见日本料理铁板烧,格日勒阿妈奶茶馆(锡林北路店),莫奈花园餐厅,多妈韩国炸鸡
内蒙古,包头,2017-03-01,品味老包头(青山店),辣府(信得惠商业街店),京华府,北海道の味,小肥羊(包头总餐厅),越城记黑鱼煲(包头苏宁广场店),东京的故事,汉拿山(包头青山万达店),黑石·摩羯座,海德酒店菲彼餐厅
内蒙古,呼伦贝尔,2017-03-01,卢布里西餐厅(总店),卢布里西餐厅(海拉尔店),春熙小馆,缘味先韩式石板时尚快餐厅,百草原涮品,满汉全席火锅城,索伦嘎五彩涮(海拉尔总店),蒙祥原烤吧(北大街店),忙前忙后妈妈菜(旗舰店),旮旯烧烤
辽宁,,2017-03-02,三秋舍创意轻食馆,大匠工房古船木艺术餐厅,九福自慢料理(天津街店),胡桃里音乐酒馆(沈阳店),都市绿洲美食广场,UPPER KITCHEN,汤城茉里(万豪店),沈阳君悦酒店乐厨自助餐厅,鳗七七活鳗料理,酒鬼食堂Drunk Bar-Bistro
辽宁,沈阳,2017-03-02,三秋舍创意轻食馆,大匠工房古船木艺术餐厅,胡桃里音乐酒馆(沈阳店),都市绿洲美食广场,汤城茉里(万豪店),沈阳君悦酒店乐厨自助餐厅,龙腾四海国际自助餐厅(浑南大奥莱店),胡大饭馆(沈阳分店),玛莱海鲜加工厂(二店),河风精致寿司
辽宁,大连,2017-03-02,九福自慢料理(天津街店),UPPER KITCHEN,鳗七七活鳗料理,酒鬼食堂Drunk Bar-Bistro,大树餐厅,庄内软炸猪排饭庄,苏大嘴海鲜牧场(奥林匹克店),热啊餐馆(柏威年店),Amore Pizza(柏威年店),喝丢一只鞋之小味串屋
辽宁,鞍山,2017-03-02,水手肉蟹煲,和谐号烤肉海鲜火锅自助,炉子旁烤肉店,合合大冷面(山南店),石头潮牛,你我他巫山烤全鱼,松竹和日本料理(九中总店),三宝烧烤(九中店),COMe烤(园林路店),圣罗巴烤肉自助
辽宁,抚顺,2017-03-02,小猪小牛章鱼水煎肉(抚顺万达店),八九道菜,宽巷子成都火锅店,华府海鲜碳烤自助(万达店),兴烨汇海鲜自助,陆派巴倒烫火锅(城东店),张氏宽窄巷天府名小吃,小鹅皇港式餐厅,倍滋客铁板烧肉(万达店),万岁料理(万达店)
辽宁,丹东,2017-03-02,全州拌饭馆,食汽时代,好朋友海鲜烧烤火锅,锋味海鲜菜馆,鸭绿江烧烤城,勝山寿司店,万达嘉华酒店"和"日式餐厅,全和斋烤鸭,阿里郎海鲜酒店(银座店),圣罗巴烤肉海鲜自助
辽宁,锦州,2017-03-02,小国凤爪烧烤(南京路店),锦州御烧烤(人民街店),荣鹏风味烀饼(人民街总店),墨菲麻将,三仟家韩式烤肉(福德店),圣堡罗巴西烤肉海鲜自助(兴隆店),九吉台湾铁板烧,西部音乐烤场,斗牛家烤肉,韩喜家果木烤肉
辽宁,营口,2017-03-02,老杨海鲜烧烤,金刚山,春华海鲜城,金掌勺东北小馆(万达店),金牡丹时尚自助煎烤涮,佰烧海鲜烤肉自助(万达广场店),金鱼童海鲜自助美食广场,鼎食汇炭火自助烤肉,国山海鲜烧烤美食,鼎汇丰
辽宁,葫芦岛,2017-03-01,圣堡罗巴西烤肉(老区店),松竹和日本料理店,粤无双饭店,上菊创意料理,芒果泰·泰国餐厅,艾浓餐厅,格兰西点(新华大街店),渝鼎丰重庆火锅,圣堡罗巴西烤肉自助(兴城店),常家活海鲜小吃(无分店仅一家)
辽宁,,2017-03-01,韩盛·盛江山自助料理,三秋舍创意轻食馆,大匠工房古船木艺术餐厅,UPPER KITCHEN,大树餐厅,胡桃里音乐酒馆(沈阳店),九福自慢料理(天津街店),鳗七七活鳗料理,汤城茉里(万豪店),都市绿洲美食广场
辽宁,沈阳,2017-03-01,韩盛·盛江山自助料理,三秋舍创意轻食馆,大匠工房古船木艺术餐厅,胡桃里音乐酒馆(沈阳店),汤城茉里(万豪店),都市绿洲美食广场,糖朝(万象城店),沈阳君悦酒店乐厨自助餐厅,胡大饭馆(沈阳分店),绿里披萨店
辽宁,大连,2017-03-01,UPPER KITCHEN,大树餐厅,九福自慢料理(天津街店),鳗七七活鳗料理,Amore Pizza(柏威年店),喝丢一只鞋之小味串屋,庄内软炸猪排饭庄,热啊餐馆(柏威年店),汉巴味德(大都会店),蟹将军日本料理(恒隆广场店)
辽宁,鞍山,2017-03-01,石头潮牛,你我他巫山烤全鱼,炉子旁烤肉店,水手肉蟹煲,国宴会馆,合合大冷面(山南店),和谐号烤肉海鲜火锅自助,熊喵来了台湾火锅,圣罗巴烤肉自助,盛和道铁板烧
辽宁,抚顺,2017-03-01,八九道菜,小猪小牛章鱼水煎肉(抚顺万达店),比亚森海鲜自助烤肉(抚顺天朗店),华府海鲜碳烤自助(万达店),小鹅皇港式餐厅,千禧龙健康自助烤肉火锅,将军斗牛家的烤肉店,玛喜达韩国年糕料理,爱斯米牛排自助,宽巷子成都火锅店
辽宁,丹东,2017-03-01,全州拌饭馆,好朋友海鲜烧烤火锅,食汽时代,阿里郎海鲜酒店(银座店),老纪烤肉店(老字号 无分店),民国印象.情 仅一味小花卷,鸭绿江烧烤城,小八件,锋味海鲜菜馆,圣罗巴烤肉海鲜自助
辽宁,锦州,2017-03-01,小国凤爪烧烤(南京路店),阿尔卑斯披萨牛排自助西餐厅,加尔森啤酒健康烤肉,锦州御烧烤(人民街店),分米鸡 DM Chicken,荣鹏风味烀饼(人民街总店),圣堡罗巴西烤肉海鲜自助(兴隆店),多嘴肉蟹煲,老白清真烧烤,皇城老妈(锦州店)
辽宁,营口,2017-03-01,春华海鲜城,老杨海鲜烧烤,金刚山,佰烧海鲜烤肉自助(万达广场店),金掌勺东北小馆(万达店),鲜一夜日式料理,玖粤花园,永军农家院,国山海鲜烧烤美食,铭炉海鲜烤肉自助
辽宁,葫芦岛,2017-03-01,圣堡罗巴西烤肉(老区店),松竹和日本料理店,粤无双饭店,上菊创意料理,芒果泰·泰国餐厅,艾浓餐厅,格兰西点(新华大街店),渝鼎丰重庆火锅,圣堡罗巴西烤肉自助(兴城店),常家活海鲜小吃(无分店仅一家)
吉林,,2017-03-02,胡桃里音乐酒馆(长春总店),HIGH  FIVE BEEFBURGER  哈福手工汉堡(桂林路店),董鲁烤鸭(工农大路店),栖橖味道,不二黑牛,上井精致料理(重庆路店),聚宝盆农家院,小龙坎老火锅,董鲁烤鸭(临河街店),八宝牛潮汕鲜牛肉火锅(繁荣路店)
吉林,长春,2017-03-02,胡桃里音乐酒馆(长春总店),HIGH  FIVE BEEFBURGER  哈福手工汉堡(桂林路店),董鲁烤鸭(工农大路店),栖橖味道,不二黑牛,上井精致料理(重庆路店),小龙坎老火锅,董鲁烤鸭(临河街店),八宝牛潮汕鲜牛肉火锅(繁荣路店),王妃家烤肉(隆礼路总店)
吉林,吉林,2017-03-02,那家小馆(松江东路店),多嘴肉蟹煲,芊雨叶(重庆街店),樱花墅朝鲜族牛排火锅店,牛魔王烤肉餐吧(延安街店),黑角餐厅美式狂野Blackhorn,世贸万锦大酒店·望江西餐厅,金藏屋,捏上开口水饺,福气花雕鸡
吉林,白山,2017-03-02,聚宝盆农家院,靠山屯铁锅炖,万达老猎户烧烤城,东北农家菜馆,东北红旗村民间农家菜车接车送,森林小木屋,长白山火山石烤肉,人民公社大食堂(长白山万达店),延边烤肉,老关东柴火炖
吉林,,2017-03-01,HIGH  FIVE BEEFBURGER  哈福手工汉堡(桂林路店),董鲁烤鸭(工农大路店),胡桃里音乐酒馆(长春总店),栖橖味道,不二黑牛,俪园港式餐厅,味見·雪月花,王妃家烤肉(隆礼路总店),领仕扒房(长春店),香家火锅
吉林,长春,2017-03-01,HIGH  FIVE BEEFBURGER  哈福手工汉堡(桂林路店),董鲁烤鸭(工农大路店),胡桃里音乐酒馆(长春总店),栖橖味道,不二黑牛,俪园港式餐厅,味見·雪月花,王妃家烤肉(隆礼路总店),领仕扒房(长春店),香家火锅
吉林,吉林,2017-03-01,那家小馆(松江东路店),芊雨叶(重庆街店),黑角餐厅美式狂野Blackhorn,捏上开口水饺,多嘴肉蟹煲,牛魔王烤肉餐吧(延安街店),樱花墅朝鲜族牛排火锅店,麻辣工坊麻辣串,世贸万锦大酒店·望江西餐厅,金藏屋
吉林,白山,2017-03-01,靠山屯铁锅炖,聚宝盆农家院,万达老猎户烧烤城,长白山火山石烤肉,东北红旗村民间农家菜车接车送,东北农家菜馆,人民公社大食堂(长白山万达店),森林小木屋,星辰岩石烧烤,老关东柴火炖
黑龙江,,2017-03-02,I HOLIC 艾豪丽披萨(鸿翔路店),隐厨2015中国餐厅(爱建店),波特曼西餐厅(道里店),毛毛熏肉大饼,胡桃里音乐酒馆,老厨家(中央大街店),胡同里京味烤肉(泰山路店),千代武日本料理(开发区店),壹家海派老火锅,全鸭季1949
黑龙江,哈尔滨,2017-03-02,I HOLIC 艾豪丽披萨(鸿翔路店),隐厨2015中国餐厅(爱建店),波特曼西餐厅(道里店),毛毛熏肉大饼,胡桃里音乐酒馆,老厨家(中央大街店),胡同里京味烤肉(泰山路店),千代武日本料理(开发区店),壹家海派老火锅,全鸭季1949
黑龙江,齐齐哈尔,2017-03-02,卡缇莉丝自助烤肉餐厅,金三顺韩式炭火烤肉店,多喜客海鲜烤肉自助烤场,N年以前猿来徒手烧烤餐厅,吕屯一头牛(东四道街店),1928有机家菜坊,红叶醉美(大商店),阿尔卑斯比萨自助欢乐餐厅(齐齐哈尔店),完美生活烤吧(二马路店),一米鸡肉韩国创意料理(北方新天地店)
黑龙江,大庆,2017-03-02,汉巴9号巴西烤肉自助餐厅,蜀锦香厕所串串,麻先生(新村店),9月时尚餐厅(泰国料理),窑啊窑烧烤,鸿福楼自助烤肉餐厅(香港街店),麻先生(让胡路店),鸭爪侠Hi锅,三石日本料理居酒屋,童年的往事学校主题餐厅
黑龙江,佳木斯,2017-03-02,汉和烤肉,多喜客海鲜烤肉自助烤场,多嘴肉蟹煲,潮汕鲜牛肉火锅,四海宴骨头王,三姐妹冷面馆(第一部),老友融合餐厅,耕海日本料理,川嘴儿,顾佳电烤
黑龙江,牡丹江,2017-03-02,先锋披萨牛排西餐自助,韩妃韩国烤肉(丽水蓝天店),海食代(东日照街店),阿尔卑斯比萨牛排西餐自助,粟氏天府(东三条路七星街店),盛双盛烤肉店,山河日式料理,姬家鱼,老味道锅包肉店,富山铁板烧
黑龙江,,2017-03-01,I HOLIC 艾豪丽披萨(鸿翔路店),隐厨2015中国餐厅(爱建店),壹家海派老火锅,觅炭烤吧,老厨家(中央大街店),千代武日本料理(开发区店),毛毛熏肉大饼,全鸭季1949,龙虾摇,胡同里京味烤肉(泰山路店)
黑龙江,哈尔滨,2017-03-01,I HOLIC 艾豪丽披萨(鸿翔路店),隐厨2015中国餐厅(爱建店),壹家海派老火锅,觅炭烤吧,老厨家(中央大街店),千代武日本料理(开发区店),毛毛熏肉大饼,全鸭季1949,龙虾摇,胡同里京味烤肉(泰山路店)
黑龙江,齐齐哈尔,2017-03-01,卡缇莉丝自助烤肉餐厅,多喜客海鲜烤肉自助烤场,N年以前猿来徒手烧烤餐厅,金三顺韩式炭火烤肉店,金家小木屋,马实铁板牛骨,蜜桃火锅烧烤自助餐厅,阿尔卑斯比萨自助欢乐餐厅(齐齐哈尔店),红叶醉美(大商店),麻屋
黑龙江,大庆,2017-03-01,汉巴9号巴西烤肉自助餐厅,蜀锦香厕所串串,麻先生(新村店),麻先生(让胡路店),小猪小牛章鱼水煎肉(大庆唐人店),窑啊窑烧烤,鑫海汇自助烤肉,9月时尚餐厅(泰国料理),小木屋米酒店(远望开发区总店),千岁寿司&居酒屋(让区店)
黑龙江,佳木斯,2017-03-01,孙家外婆菜(万达店),顺鑫果木炭烤肉,潮汕鲜牛肉火锅,春花民俗风味,三姐妹冷面馆(第一部),茉莉餐厅,川嘴儿,阿尔卑斯比萨牛排自助餐(万达店),多喜客海鲜烤肉自助烤场,香轩丽舍港味餐厅
黑龙江,牡丹江,2017-03-01,盛双盛烤肉店,铜锣湾家宴,海食代(东日照街店),韩妃韩国烤肉(丽水蓝天店),慕尼黑餐厅,悦橙牛排自助,盛和道花式铁板烧(春江丽园店),姬家鱼,池田屋(牡丹江店),先锋披萨牛排西餐自助
上海,,2017-03-02,暗恋桃花源,大董(环贸iapm店),誉八仙茶室酒楼,哥老官重庆美蛙鱼头(人民广场二哥店),桂满陇-十里风荷(合生汇店),誉八仙(大悦城店),鲔屋海鲜居酒屋(物华路银欣路店),绿丰阁,哥老官重庆美蛙鱼头(日月光大哥店),香港百合居
上海,上海,2017-03-02,暗恋桃花源,大董(环贸iapm店),誉八仙茶室酒楼,哥老官重庆美蛙鱼头(人民广场二哥店),桂满陇-十里风荷(合生汇店),誉八仙(大悦城店),鲔屋海鲜居酒屋(物华路银欣路店),绿丰阁,哥老官重庆美蛙鱼头(日月光大哥店),香港百合居
上海,,2017-03-01,绿丰阁,誉八仙茶室酒楼,暗恋桃花源,捞蛙王子,大董(环贸iapm店),哥老官重庆美蛙鱼头(人民广场二哥店),哥老官重庆美蛙鱼头(96广场九哥店),誉八仙(大悦城店),桂满陇-十里风荷(合生汇店),Pizza Delfina达福乐匹萨(淮海路店)
上海,上海,2017-03-01,绿丰阁,誉八仙茶室酒楼,暗恋桃花源,捞蛙王子,大董(环贸iapm店),哥老官重庆美蛙鱼头(人民广场二哥店),哥老官重庆美蛙鱼头(96广场九哥店),誉八仙(大悦城店),桂满陇-十里风荷(合生汇店),Pizza Delfina达福乐匹萨(淮海路店)
江苏,,2017-03-02,桂满陇·站立的杭州(德基广场店),南京大牌档(夫子庙平江府店),南京大牌档(德基广场店),度小月,大蔬无界(南京德基广场馆),民国红公馆(1912店),和创・柚子日本料理(园区师惠坊店),鸿霖多国料理(德基广场店),花隐日式怀石料理(德基店),粗糖
江苏,南京,2017-03-02,桂满陇·站立的杭州(德基广场店),南京大牌档(夫子庙平江府店),南京大牌档(德基广场店),度小月,大蔬无界(南京德基广场馆),民国红公馆(1912店),鸿霖多国料理(德基广场店),花隐日式怀石料理(德基店),熊本の家(国金店),民国红公馆(老门东店)
江苏,苏州,2017-03-02,和创・柚子日本料理(园区师惠坊店),粗糖,八方海鲜蒸汽火锅,鹅夫人(苏州圆融店),老天桥美蛙鱼头串串火锅,大蔬无界(苏州诚品馆),爱舍·梵美里·家庭厨房,金海华赫本时光(现代传媒广场店),江南大院,金海华·Winsun玲珑国际·赫本时光
江苏,常熟,2017-03-02,大渝火锅(印象城明星店),辣府,多伦多海鲜自助餐厅(常熟星光天地店),金海华·赫本花园慢调主题餐厅,酒藏日本料理,金海华1号店,金海华·潮南里牛肉海鲜火锅,金海华•玲珑广场小城香荟,香格里·东井铁板烧(印象城店),一缕炊烟主题餐厅
江苏,昆山,2017-03-02,多伦多海鲜自助餐厅(昆山金鹰店),割烹旭日本料理(昆山店),METOOCATE米桃餐厅(昆山金鹰店),浅草日本料理,胡桃里音乐酒馆,涌上外婆桥(金鹰店),王品牛排(苏州昆山店),新梅华餐厅(昆山九方城店),楼外楼老饭店,煲宫(金鹰店)
江苏,张家港,2017-03-02,多伦多海鲜自助餐厅(张家港店),海底捞火锅(SOHO购物广场店),秀韩式料理,深海800米海鲜自助,左邻右里·亲情厨房(张家港店),好牛烧肉专门店(张家港曼巴特店),和合人家老街菜馆(老街店),河风精致寿司,怡乡春竹鲍鱼先生(杨舍镇店),耀记茶餐厅(购物公园店)
江苏,扬州,2017-03-02,扬州狮子楼(瘦西湖店),食为天(西区店),扬州狮子楼(东关街店),大潮淮,冶春茶社(御马头店),扬州狮子楼(总店),西贝莜面村(扬州京华城店),冶春(万顺店),香格里拉大酒店餐厅,隐泉の语日本料理
江苏,无锡,2017-03-02,荣舍,雀蓝川菜·巴蜀传香,卯时(云蝠店),南京大牌档(苏宁广场店),鲜入围煮鲜食火锅,老牛窝里,粗糖音乐餐吧,稻香海鲜点心酒家,卯时(西水东店),花隐日式怀石料理(无锡苏宁广场店)
江苏,江阴,2017-03-02,餐与BrunchWith(兴澄银座店),龙猫先生,多伦多海鲜自助餐厅(江阴万达店),河豚世家,金记食汇(百年顺香店),巴奴毛肚火锅(江阴店),蒸来了蒸汽海鲜,辣三疯美蛙鱼头火锅(江阴万达店),爱晚亭,八月堂料理
江苏,徐州,2017-03-02,映像徐州(滨湖店),七食年代,奈良穽·精致料理,牙缝烧烤俱乐部,苏锦1号烙馍村,多伦多海鲜自助餐厅(徐州金鹰2店),徐小姐爱地锅(彭城一号店),江户前寿司,海底捞火锅(银座商城店),四川香天下火锅(彭城壹号店)
江苏,常州,2017-03-02,鱼忘七秒(莱蒙店),左庭右院鲜牛肉火锅(江南环球港店),全聚德(武进店),全聚德(常州店),鱼忘七秒(大渡河店),千夏日式风情餐厅,麦合轻悦餐厅(九洲新世界店),赤坂亭 铁板烧日料自助(吾悦国际广场店),环球恐龙城维景国际自助餐厅,uncle5(万达店)
江苏,南通,2017-03-02,左庭右院鲜牛肉火锅(中南城店),田苑日本料理,酌香中国菜馆,鼎厨餐厅,江海一锅,小查理餐室,南通滨江洲际酒店餐厅,绿茶(南通圆融店),嘉味港式餐厅(中南店),苏浙徽
江苏,连云港,2017-03-02,蒸鲜食代.原味海鲜蒸锅(国安店),多伦多海鲜自助餐厅(苏宁店),红名海鲜馆369(红名海鲜馆369),和记餐饮,大渝火锅(连云港万达店),五道有鲜气日式料理(万达店),苏宁索菲特锦厨全日自助西餐厅,辛香汇(苏宁广场店),越青春外婆家,绿茶中餐厅
江苏,淮安,2017-03-02,PHOXXL越南餐厅,多伦多海鲜自助餐厅(淮安金鹰店),於氏龙虾总店,北疆饭店,新石器烤肉(淮安万达店),全聚德(淮海西路店),牛匠精琢馆,胖哥俩肉蟹煲(淮安万达店),孙家面馆(小康城总部),棒约翰比萨(淮安涟水餐厅)
江苏,盐城,2017-03-02,蘇小主(宝龙店),恩你小木屋米酒主题餐厅,辛香汇(中南城店),大唐锅物料理(宝龙店),多伦多海鲜自助(聚龙湖金鹰2店),左邻右里(宝龙店),多伦多海鲜自助餐厅(建军中路店),蘇小主(金鹰店),千穗日式料理,辣宴火锅
江苏,镇江,2017-03-02,周家湾二小姐的菜,八分饱西津会,宴春酒楼(大市口店),金汉亭纸上烤肉,NEW BERE新貝樂意式麥風餐廰(苏宁广场店),70后饭吧(镇江苏宁店),Miu,古贺次郎和食(苏宁广场店),辛香汇·锦里(苏宁广场店),桃夭日式料理
江苏,泰州,2017-03-02,大渔自助铁板烧(柳园店),多伦多海鲜自助餐厅(济川东路万达店),繁花里音乐餐厅,海底捞火锅(稻楼古街店),庆熙韩国料理烤肉(泰州店),莉迪花园Lily&Lady,小厢房(柳园店),雀舞云南菜,小厢房(稻河古街店),大仓料理(稻河古街店)
江苏,宿迁,2017-03-02,阿里之家啤酒烤肉花园,恒力大酒店,百特喜比萨(哥伦布店),夜半不二(宿迁店),潮辣潮人火锅,湘色满园主题餐厅,水泊梁山自助美食百汇,金滏山自助烤肉美食中心(苏宁广场店),遇见你炉鱼(水韵城店),糊世刺身
江苏,,2017-03-01,桂满陇·站立的杭州(德基广场店),南京大牌档(夫子庙平江府店),南京大牌档(德基广场店),度小月,民国红公馆(1912店),大蔬无界(南京德基广场馆),鸿霖多国料理(德基广场店),花隐日式怀石料理(德基店),和创・柚子日本料理(园区师惠坊店),小一炉一会炉端烧(新光店)
江苏,南京,2017-03-01,桂满陇·站立的杭州(德基广场店),南京大牌档(夫子庙平江府店),南京大牌档(德基广场店),度小月,民国红公馆(1912店),大蔬无界(南京德基广场馆),鸿霖多国料理(德基广场店),花隐日式怀石料理(德基店),焱堡Burger▪Lobster▪Cocktail(艾尚天地店),En Space(恩空间)
江苏,苏州,2017-03-01,和创・柚子日本料理(园区师惠坊店),小一炉一会炉端烧(新光店),爱舍·梵美里·家庭厨房,老天桥美蛙鱼头串串火锅,鹅夫人(苏州圆融店),粗糖,大蔬无界(苏州诚品馆),开火重庆美蛙鱼头火锅,八方海鲜蒸汽火锅,金海华·Winsun玲珑国际·赫本时光
江苏,常熟,2017-03-01,多伦多海鲜自助餐厅(常熟星光天地店),大渝火锅(印象城明星店),辣府,金海华1号店,金海华·赫本花园慢调主题餐厅,一缕炊烟主题餐厅,金海华•玲珑广场小城香荟,秦记水佬坊源自香港火锅料理,酒藏日本料理,金海华·潮南里牛肉海鲜火锅
江苏,昆山,2017-03-01,割烹旭日本料理(昆山店),METOOCATE米桃餐厅(昆山金鹰店),多伦多海鲜自助餐厅(昆山金鹰店),楼外楼老饭店,涌上外婆桥(金鹰店),浅草日本料理,辛香汇(金鹰国际店),新梅华餐厅(昆山九方城店),胡桃里音乐酒馆,泰小伙曼谷夜市火锅
江苏,张家港,2017-03-01,海底捞火锅(SOHO购物广场店),多伦多海鲜自助餐厅(张家港店),好牛烧肉专门店(张家港曼巴特店),一块七时尚餐厅(吾悦店),和合人家老街菜馆(老街店),左邻右里·亲情厨房(张家港店),河风精致寿司,海上明月(购物公园店),42号西餐厅,丸藏炭火烤肉
江苏,扬州,2017-03-01,扬州狮子楼(瘦西湖店),食为天(西区店),冶春茶社(御马头店),扬州狮子楼(东关街店),扬州狮子楼(总店),大潮淮,卢氏古宅(康山街店),花园茶楼(兴城路店),香格里拉大酒店餐厅,趣园茶社
江苏,无锡,2017-03-01,荣舍,雀蓝川菜·巴蜀传香,老牛窝里,粗糖音乐餐吧,卯时(云蝠店),南京大牌档(苏宁广场店),稻香海鲜点心酒家,檀悦酒店,醉月楼,三凤酒家
江苏,江阴,2017-03-01,龙猫先生,餐与BrunchWith(兴澄银座店),巴奴毛肚火锅(江阴店),多伦多海鲜自助餐厅(江阴万达店),河豚世家,辣三疯美蛙鱼头火锅(江阴万达店),妙思料理,蒸来了蒸汽海鲜,八月堂料理,花谷餐厅
江苏,徐州,2017-03-01,映像徐州(滨湖店),奈良穽·精致料理,七食年代,徐小姐爱地锅(彭城一号店),牙缝烧烤俱乐部,苏锦1号烙馍村,韩悦韩式烤肉(云龙万达店),多伦多海鲜自助餐厅(徐州金鹰2店),徐州宴·穿越(西安北路店),海底捞火锅(银座商城店)
江苏,常州,2017-03-01,左庭右院鲜牛肉火锅(江南环球港店),鱼忘七秒(大渡河店),鱼忘七秒(莱蒙店),赤坂亭 铁板烧日料自助(吾悦国际广场店),全聚德(常州店),全聚德(武进店),九洲日本料理(新北区店),麦合轻悦餐厅(九洲新世界店),大城小爱(莱蒙店),猫抓烤肉(吾悦国际店)
江苏,南通,2017-03-01,左庭右院鲜牛肉火锅(中南城店),田苑日本料理,牛公子,金牌一捞,酌香中国菜馆,鼎厨餐厅,嘉味港式餐厅(圆融店),嘉味港式餐厅(中南店),柠檬日本料理铁板烧(青年东路店),江海一锅
江苏,连云港,2017-03-01,红名海鲜馆369(红名海鲜馆369),蒸鲜食代.原味海鲜蒸锅(国安店),和记餐饮,多伦多海鲜自助餐厅(苏宁店),苏宁索菲特锦厨全日自助西餐厅,千寻海鲜大咖,海港酒店(海鲜一条街13号),辛香汇(苏宁广场店),大渝火锅(连云港万达店),蒸鲜食代.原味海鲜蒸锅(苍梧店)
江苏,淮安,2017-03-01,孙家面馆(小康城总部),於氏龙虾总店,多伦多海鲜自助餐厅(淮安金鹰店),PHOXXL越南餐厅,味千拉面(淮安万达店),新石器烤肉(淮安万达店),北疆饭店,舌尖上的大渝火锅(万达店),里约·芭芭拉海鲜自助餐厅,比格自助比萨(淮海第一城新天地店)
江苏,盐城,2017-03-01,蘇小主(宝龙店),恩你小木屋米酒主题餐厅,左邻右里(宝龙店),川福老灶房,禾风日膳创作料理(盐城店),多伦多海鲜自助餐厅(建军中路店),煌城火锅,淮扬楼,千穗日式料理,鮨料理
江苏,镇江,2017-03-01,周家湾二小姐的菜,八分饱西津会,宴春酒楼(大市口店),NEW BERE新貝樂意式麥風餐廰(苏宁广场店),桃夭日式料理,辛香汇·锦里(苏宁广场店),Napoleon拿破仑西餐厅(苏宁广场店),70后饭吧(镇江苏宁店),蓝象泰国餐厅(镇江店),小乔花园
江苏,泰州,2017-03-01,小厢房(柳园店),繁花里音乐餐厅,莉迪花园Lily&Lady,小厢房(稻河古街店),大仓料理(稻河古街店),大渔自助铁板烧(柳园店),辛香汇(泰州店),多伦多海鲜自助餐厅(泰州金鹰店),庆熙韩国料理烤肉(泰州店),海底捞火锅(稻楼古街店)
江苏,宿迁,2017-03-01,百特喜比萨(哥伦布店),荷秋塘川味干锅火锅,胖哥俩肉蟹煲(宿迁宝龙广场店),阿里之家啤酒烤肉花园,偶遇小楠山,雀舞,阿郎山自助烤肉火锅,张记麻辣香锅,欢乐牧场烧烤时尚自助餐厅,嗨货海鲜主题餐厅
浙江,,2017-03-02,翠园,304/BRUNCH RESTAURANT,一坐一忘丽江主题餐厅(西湖店),朴墅(青之坞店),城中香格里拉中餐厅,新榆园(虎跑店),杭州酒家(延安路店),Home Thai(杭州大厦店),桂语山房高级餐厅,素描餐厅
浙江,杭州,2017-03-02,翠园,304/BRUNCH RESTAURANT,一坐一忘丽江主题餐厅(西湖店),朴墅(青之坞店),城中香格里拉中餐厅,新榆园(虎跑店),杭州酒家(延安路店),Home Thai(杭州大厦店),桂语山房高级餐厅,素描餐厅
浙江,宁波,2017-03-02,星怡会(来福士店),大渝火锅(来福士店),牛很鲜潮汕牛肉火锅(天一广场店),芽笼新加坡美食,胡桃里音乐酒馆(江东店),烧肉三两,蛮村酒馆,宁波状元楼酒店,小时候焗海鲜(海曙亚细亚店),乐亭日本料理
浙江,温州,2017-03-02,江户料理,星叶(万象城店),nothing,意坊,乾杯烧肉居酒屋(上陡门店),鸟安居酒屋,牛很鲜潮汕牛肉火锅(欧洲城店),牛很鲜潮汕牛肉火锅(恒隆店),上井精致料理(第一旗舰店),力道炭火居酒屋(欧洲城店)
浙江,嘉兴,2017-03-02,乌镇那一年小院主题餐厅,大渝火锅(桐乡店),同桌的你主题餐厅,西塘梦里水乡农家菜,永镜塘酒楼,七张桌精品餐馆,乌镇西栅民宿2B乙幢,大渝火锅(嘉兴旗舰店),默默的家,西塘玉楼春饭店
浙江,湖州,2017-03-02,泰果东南亚餐厅,辣府火锅(凤凰时代广场店),一鼎鲜土菜馆,外婆老灶,大竹林酒家(农家菜),浔菜馆(古镇景区店),小桥私房菜(古镇景区店),忆往事怀旧餐厅,臻吃客主题餐厅,忆.往事餐厅(云鸿店)
浙江,绍兴,2017-03-02,Glasshouse玻璃浩室,大禹·开元,咸亨酒店中餐厅,御龙井(龙珠楼店),大渝火锅(绍兴银泰城店),舌尖壹电餐厅·明星出没餐厅(柯桥万达店),上井,black pig 黑猪韩料,状元楼,几荷绍式创意融合菜(银泰店)
浙江,金华,2017-03-02,胡桃里音乐酒馆,肥猫餐厅(金华万达店),鹤菊怀石料理,一鲟日本料理,胖哥俩肉蟹煲(永盛店),HOHO,新石器烤肉(第一百货江北店),婺家小菜,王品牛排(金华帝壹城店),千叶铁板烧(永盛广场店)
浙江,衢州,2017-03-02,香天下火锅,大龙燚火锅(南湖西路店),十八颗(衢州分店),悦上精致料理,老衢州餐厅,缸桶屋韩国烤肉깡통집(깡통집),鱼鮨日本料理,向日葵主题餐厅(景文百货店),古铺良食(衢州店),Homie 弘米餐厅
浙江,舟山,2017-03-02,高佳庄海鲜超市酒楼(沈家门店),长生素斋,阿勇海鲜排档,朱家尖熊兄弟川鲜楼,沈家门海鲜夜排档36号,高佳庄尊鲜酒店(东港店),小鱼餐厅,胖哥俩肉蟹煲(凯虹广场店),欧巴家炭烤肉,原製原味(东港凯虹广场店)
浙江,台州,2017-03-02,胡桃里音乐酒馆,牛很鲜潮汕牛肉火锅(临海银泰店),越界(市府大道店),荣小馆,海银海记潮汕牛肉火锅台州总店(椒江万达直营店),新荣记大酒店(市府店),唐福,荣叔川味小厨,UMU日式焼肉,詹姆仕皇冠猴芝士排骨主题餐厅
浙江,丽水,2017-03-02,高井时光(万地店),daisy雏菊,星洲蕉叶(万地广场店),南明印象,西域映象,万廷大酒店自助餐,三坊口创意餐厅,大洋世家,白云九号,胖哥俩肉蟹煲(万地广场店)
浙江,,2017-03-01,304/BRUNCH RESTAURANT,翠园,一坐一忘丽江主题餐厅(西湖店),城中香格里拉中餐厅,朴墅(青之坞店),Home Thai(杭州大厦店),素描餐厅,新榆园(虎跑店),杭州酒家(延安路店),桂语山房高级餐厅
浙江,杭州,2017-03-01,304/BRUNCH RESTAURANT,翠园,一坐一忘丽江主题餐厅(西湖店),城中香格里拉中餐厅,朴墅(青之坞店),Home Thai(杭州大厦店),素描餐厅,新榆园(虎跑店),杭州酒家(延安路店),桂语山房高级餐厅
浙江,宁波,2017-03-01,星怡会(来福士店),大渝火锅(来福士店),胡桃里音乐酒馆(江东店),宁波状元楼酒店,烧肉三两,牛很鲜潮汕牛肉火锅(天一广场店),乐亭日本料理,御牛道日式料理炭火烤肉(宁波和义旗舰店),蟹道,泰宇北京烤鸭主题餐厅(南塘金茂府店)
浙江,温州,2017-03-01,江户料理,鸟安居酒屋,乾杯烧肉居酒屋(上陡门店),牛很鲜潮汕牛肉火锅(欧洲城店),星叶(万象城店),上井精致料理(第一旗舰店),牛很鲜潮汕牛肉火锅(恒隆店),意坊,nothing,益展坊海鲜楼(智慧谷店)
浙江,嘉兴,2017-03-01,乌镇那一年小院主题餐厅,大渝火锅(桐乡店),西塘梦里水乡农家菜,七张桌精品餐馆,同桌的你主题餐厅,永镜塘酒楼,西塘玉楼春饭店,大渝火锅(嘉兴旗舰店),房里有镇花园餐厅,默默的家
浙江,湖州,2017-03-01,泰果东南亚餐厅,辣府火锅(凤凰时代广场店),一鼎鲜土菜馆,喜来稀肉(湖州爱山广场店),大渝火锅(湖州银泰城店),木木亭日本料理,浔菜馆(古镇景区店),臻吃客主题餐厅,忆往事怀旧餐厅,水晶晶的店(南浔古镇店)
浙江,绍兴,2017-03-01,Glasshouse玻璃浩室,大禹·开元,咸亨酒店中餐厅,几荷绍式创意融合菜(银泰店),大渝火锅(绍兴银泰城店),御龙井(龙珠楼店),捞王锅物料理(绍兴胜利店),状元楼,70后饭吧(绍兴店),上井
浙江,金华,2017-03-01,鹤菊怀石料理,HOHO,胡桃里音乐酒馆,肥猫餐厅(金华万达店),左岸主题餐厅,一鲟日本料理,胖哥俩肉蟹煲(永盛店),小二班吃货集结地(永盛店),浪漫春天自助工场,婺家小菜
浙江,衢州,2017-03-01,十八颗(衢州分店),悦上精致料理,鱼鮨日本料理,谢家小厨,柠檬泰·东南亚餐厅(国金精品店),缸桶屋韩国烤肉깡통집(깡통집),渔迷·环球欢乐餐厅,老衢州餐厅,大龙燚火锅(南湖西路店),誉悦工场海鲜自助餐厅
浙江,舟山,2017-03-01,阿勇海鲜排档,高佳庄海鲜超市酒楼(沈家门店),京韵怡园,沈家门海鲜夜排档36号,长生素斋,朱家尖熊兄弟川鲜楼,高佳庄尊鲜酒店(东港店),欧巴家炭烤肉,快乐的鱼(普陀山海鲜排档馆),沈家门海鲜夜排档32号
浙江,台州,2017-03-01,新荣记大酒店(市府店),荣小馆,胡桃里音乐酒馆,新荣记(临海店),UMU日式焼肉,牛很鲜潮汕牛肉火锅(临海银泰店),荣叔川味小厨,一牛道炭火烧肉居酒屋,越界(市府大道店),沸头和园
浙江,丽水,2017-03-01,高井时光(万地店),白云九号,东方文廷酒店,万廷大酒店自助餐,三坊口创意餐厅,锅锅大人,星洲蕉叶(万地广场店),烹燚牛油串串香,渝味晓宇火锅,大洋世家
安徽,,2017-03-02,千寻炭烧(合肥老报馆店),煲王粤菜餐厅,菊上料理(天鹅湖银泰店),千寻炭烧(合肥政务区店),老安火盆烤肉(金寨路店),南京大牌档(之心城店),川城印象,刀板香餐厅(望江东路店),辣家私厨,半勺餐厅
安徽,合肥,2017-03-02,千寻炭烧(合肥老报馆店),煲王粤菜餐厅,菊上料理(天鹅湖银泰店),千寻炭烧(合肥政务区店),老安火盆烤肉(金寨路店),南京大牌档(之心城店),川城印象,刀板香餐厅(望江东路店),辣家私厨,半勺餐厅
安徽,芜湖,2017-03-02,小菜园(万达广场店),西贝莜面村(苏宁广场店),小菜园(苏宁店),同庆楼(华强广场店),多哈环球海鲜自助餐厅(芜湖店),寻味寿司日本料理,耕山小聚,多伦多海鲜自助餐厅(苏宁广场店),菊上自助料理(银泰城店),希尔顿逸林酒店自助餐厅
安徽,蚌埠,2017-03-02,菊上尊品料理(银泰店),木船情,汉堡王餐厅,辣千斤火锅,钦瓦台自助时尚餐厅,柚子日式料理,新石器烤肉(蚌埠万达店),川府提督(蚌埠银泰店),京成一品欢乐烤场,蛙来哒时尚餐厅
安徽,淮南,2017-03-02,钦瓦台,御井炭烧,千寻炭烧(猎潮淘宝城店),领鲜海派海鲜自助餐厅,川西坝子火锅,糊世刺身,蜀鼎香(新世界店),煲王粤菜餐厅,月满大江川味火锅,表哥香港茶餐厅
安徽,马鞍山,2017-03-02,小龙坎老火锅,小菜园新徽菜(马鞍山万达店),多伦多海鲜自助餐厅(金鹰店),春盛船家菜,辛香汇(金鹰国际店),梁记粥铺,味千拉面(马鞍山第一八佰伴店),海外海皇冠大酒店海澜旋转餐厅,糊世刺身,酱出名门(马鞍山金鹰店)
安徽,安庆,2017-03-02,探鱼时尚餐饮,小龙坎火锅,老奶奶私房菜,大风炊火锅(吾悦广场店),茉莉餐厅,安庆南翔邦臣大酒店,老安火盆烤肉,爷爷家的粥铺(吾悦店),安庆私房菜,渔美香村(太湖店)
安徽,黄山,2017-03-02,大傻徽菜园·中国徽菜大师,宏村得月楼客栈,乡村农家土菜●小灶私房菜,眼镜家土菜(十七年老店),自游人特色美食一楼,老妈家概念餐厅(本地人气最旺餐厅),徽州人家(老街店),新安人家 中国徽菜名店,老街坊土菜(徽菜老店),黄山宏村添灯食堂
安徽,滁州,2017-03-02,醉翁水城,宽窄巷子火锅,虾米餐厅,黄记煌三汁焖锅(滁州新百店),金鹏大掌柜,正韩品韩国料理,本塘我家酸菜鱼,阿拉丁新疆风味餐厅(乐彩城店),港汇喜来登酒店盛宴餐厅,舌尚世纪缘(滁州店)
安徽,阜阳,2017-03-02,花田煮臻牛火锅,大嘴鲨海鲜自助餐厅,万达嘉华酒店,梧桐小栈,印象延边,海利湾多伦多海鲜自助烤肉餐厅,汤姆家的牛排西餐厅,北疆饭店(万达店),楚天娇蘭居(蘭居店),小哥餐厅(太和店)
安徽,,2017-03-01,煲王粤菜餐厅,千寻炭烧(合肥政务区店),菊上料理(天鹅湖银泰店),南京大牌档(之心城店),千寻炭烧(合肥老报馆店),多伦多海鲜自助餐厅(万象店),老安火盆烤肉(金寨路店),川城印象,梭哈龙虾(老合肥店),海银海记潮汕牛肉火锅(1912店)
安徽,合肥,2017-03-01,煲王粤菜餐厅,千寻炭烧(合肥政务区店),菊上料理(天鹅湖银泰店),南京大牌档(之心城店),千寻炭烧(合肥老报馆店),多伦多海鲜自助餐厅(万象店),老安火盆烤肉(金寨路店),川城印象,梭哈龙虾(老合肥店),海银海记潮汕牛肉火锅(1912店)
安徽,芜湖,2017-03-01,西贝莜面村(苏宁广场店),小菜园(万达广场店),小菜园(苏宁店),下塘集(下塘集),菊上自助料理(银泰城店),多哈环球海鲜自助餐厅(芜湖店),同庆楼(华强广场店),寻味寿司日本料理,多伦多海鲜自助餐厅(苏宁广场店),九鼎轩脆毛肚火锅(芜湖苏宁店)
安徽,蚌埠,2017-03-01,菊上尊品料理(银泰店),柚子日式料理,新石器烤肉(蚌埠万达店),韩悦韩式烤肉(蚌埠万达店),韩江源音乐烤肉餐吧,老舍茶馆,杨排风自助烧烤(宝龙广场店),阿财老铺土菜香(华夏总店),韩宫宴炭火烤肉(银泰店),蛙来哒时尚餐厅
安徽,淮南,2017-03-01,钦瓦台,御井炭烧,淮上豆府,领鲜海派海鲜自助餐厅,梧桐小栈(新世界店),川西坝子火锅,蜀鼎香(新世界店),青木餐厅,七月烧烤,码头故事(淮南店)
安徽,马鞍山,2017-03-01,小龙坎老火锅,多伦多海鲜自助餐厅(金鹰店),小菜园新徽菜(马鞍山万达店),一串一钵,辛香汇(金鹰国际店),梁记粥铺,糊世刺身,米乐星音乐餐厅,糊世刺身(安基大厦店),水脉堂(太白大道店)
安徽,黄山,2017-03-01,宏村得月楼客栈,自游人特色美食一楼,大傻徽菜园·中国徽菜大师,黄山宏村添灯食堂,徽州人家(老街店),新安人家 中国徽菜名店,老街坊土菜(徽菜老店),鱼员外私房菜,眼镜家土菜(十七年老店),乡村农家土菜●小灶私房菜
安徽,滁州,2017-03-01,后院柴锅炖,金鹏大掌柜,阿拉丁新疆风味餐厅(乐彩城店),舌尚世纪缘(滁州店),小韩屋韩国料理,宽窄巷子火锅,黄记煌三汁焖锅(滁州新百店),醉翁水城,潮牛来了 潮汕牛肉火锅(宋城店),莽子火锅(滁州店)
安徽,阜阳,2017-03-01,北疆饭店(万达店),花田煮臻牛火锅,梧桐小栈,万达嘉华酒店,大嘴鲨海鲜自助餐厅,印象延边,必胜客(财富广场店),海利湾多伦多海鲜自助烤肉餐厅,韩釜山自助餐厅(万达广场店),品悦海鲜城
福建,,2017-03-02,堂宴·老厦门私房菜(中山路店),堂宴·老厦门私房菜,小眼镜大排档(轮渡海景店),小龙坎老火锅(湾悦城店),汕头八合里海记牛肉店(嘉禾店),汕头八合里海记牛肉店(加州店),大龙燚火锅(明发店),建发五缘湾凯悦酒店咖啡厅,醉壹号海鲜大排档,Double Time Restaurant & Lounge 魔时西餐厅·鸡尾酒吧
福建,晋江,2017-03-02,荣誉国际酒店·云顶旋转餐厅,海鼎荟海鲜姿造,朋友圈时尚餐厅,泉州泉商希尔顿酒店,海底捞火锅(五店市梅岭街道店),赤岛铁板烧,金玛国宾酒店自助西餐厅,春隅里(和平中路店),小条食堂,清叶割烹料理
福建,福州,2017-03-02,Double Time Restaurant & Lounge 魔时西餐厅·鸡尾酒吧,璞月中华意境菜,老福洲徐记(斗东店),胖哥俩肉蟹煲(万象城店),雍和会海鲜姿造(三坊七巷店),焱匠炉端烧,百加百炭火烤肉专门店,南乡·精功顺德菜,海天盛宴海鲜自助,达摩食堂
福建,厦门,2017-03-02,堂宴·老厦门私房菜(中山路店),堂宴·老厦门私房菜,小眼镜大排档(轮渡海景店),小龙坎老火锅(湾悦城店),汕头八合里海记牛肉店(嘉禾店),汕头八合里海记牛肉店(加州店),大龙燚火锅(明发店),建发五缘湾凯悦酒店咖啡厅,醉壹号海鲜大排档,上屿水产创意海鲜餐厅
福建,莆田,2017-03-02,匠和风精致料理,小鱼小牛(财富中心店),味蜀吾老火锅,香港潮馨大酒楼,揽季·茉莉,57℃湘(正荣财富中心店),韩悦韩式烤肉(莆田万达店),蓝孔雀平价海鲜楼,粤牛潮汕牛肉火锅,老长沙龙虾撸串馆
福建,三明,2017-03-01,老黑活鱼馆,匠和风精致料理,花匠铁板烧,农夫土菜馆(金牌老字号店),梅园餐馆,乡味土菜馆【十年老店】,鮨寿司,三明宾馆-天元国际大酒店,盛世经典牛排(列东店),魏氏第一香(三明总店)
福建,泉州,2017-03-02,汕头八合里海记牛肉店(泉州田安店),蜀九香(泉州旗舰店),暖十前卫料理(领show天地店),临家闽南菜(泉州店),蜀九香(东街店),花漫日料轻时尚(福新店),黑松露创意融合料理(海山创意园店),飞鸟·创作料理(万达店),川骄海鲜自助火锅(浦西万达店),川西坝子火锅(泉州万达店)
福建,漳州,2017-03-02,云水谣溪鱼盐鸡馆,CROSSLANDS,猪圈火锅,土楼观景台饭庄(土楼小观景),第五大道,漳州佰翔圆山酒店圆山畔西餐厅(圆山畔西餐厅),疯味1987肉蟹煲,南洋三叔公(漳州中闽店),匠东泗回转食堂(漳州万达店),南洋三叔公沙爹碌碌(青年路店)
福建,龙岩,2017-03-02,私宅复合时尚餐厅,八兵衛,榭味央私味餐厅,福合埕牛肉火锅,北疆饭店,本家韩国传统炭火烤肉(登高西路店),万达嘉华酒店自助餐厅(自助餐厅),老房子花园餐厅,川西坝子红码头,鱼旨寿司(龙岩世纪天成店)
福建,宁德,2017-03-02,越城记黑鱼煲(宁德万达店),万达嘉华酒店餐厅(天湖东路店),姑奶奶(宁德店),轻井泽火锅店,七欣天品蟹轩(宁德万达广场店),好食缘海鲜大排档,韩味缘,詹姆仕芝士排骨&分米鸡,金阳光海鲜吧,惟鱼乐动感餐厅
福建,,2017-03-01,小龙坎老火锅(湾悦城店),堂宴·老厦门私房菜,汕头八合里海记牛肉店(嘉禾店),堂宴·老厦门私房菜(中山路店),小眼镜大排档(轮渡海景店),汕头八合里海记牛肉店(加州店),醉壹号海鲜大排档,大龙燚火锅(明发店),鹭江宾馆·观海餐厅,上屿水产创意海鲜餐厅
福建,晋江,2017-03-01,荣誉国际酒店·云顶旋转餐厅,海鼎荟海鲜姿造,泉州泉商希尔顿酒店,朋友圈时尚餐厅,赤岛铁板烧,海底捞火锅(五店市梅岭街道店),金玛国宾酒店自助西餐厅,清叶割烹料理,川骄海鲜火锅自助山,N2U Barbecue 韩国熨斗烤肉(宝龙店)
福建,福州,2017-03-01,Double Time Restaurant & Lounge 魔时西餐厅·鸡尾酒吧,璞月中华意境菜,胖哥俩肉蟹煲(万象城店),雍和会海鲜姿造(三坊七巷店),老福洲徐记(斗东店),南乡·精功顺德菜,百加百炭火烤肉专门店,达摩食堂,焱匠炉端烧,赤坂亭(东二环泰禾广场店)
福建,厦门,2017-03-01,小龙坎老火锅(湾悦城店),堂宴·老厦门私房菜,汕头八合里海记牛肉店(嘉禾店),堂宴·老厦门私房菜(中山路店),小眼镜大排档(轮渡海景店),汕头八合里海记牛肉店(加州店),醉壹号海鲜大排档,大龙燚火锅(明发店),鹭江宾馆·观海餐厅,上屿水产创意海鲜餐厅
福建,莆田,2017-03-01,匠和风精致料理,粤牛潮汕牛肉火锅,太古汇港式鲜捞,宋家族亭,老知青(莆田店),小鱼小牛(正荣时代广场店),味蜀吾老火锅,阿里郎韩国料理,Napoli拿波里意式餐厅,揽季·茉莉
福建,三明,2017-03-01,老黑活鱼馆,匠和风精致料理,花匠铁板烧,农夫土菜馆(金牌老字号店),梅园餐馆,乡味土菜馆【十年老店】,鮨寿司,三明宾馆-天元国际大酒店,盛世经典牛排(列东店),魏氏第一香(三明总店)
福建,泉州,2017-03-01,汕头八合里海记牛肉店(泉州田安店),蜀九香(泉州旗舰店),蜀九香(东街店),临家闽南菜(泉州店),暖十前卫料理(领show天地店),兄罩中华烤肉,川西坝子火锅(泉州万达店),川骄海鲜自助火锅(浦西万达店),黑松露创意融合料理(海山创意园店),花漫日料轻时尚
福建,漳州,2017-03-01,云水谣溪鱼盐鸡馆,假装在韩国(万达店),猪圈火锅,第五大道,CROSSLANDS,假装在韩国(新华西店),南洋三叔公(漳州中闽店),漳州佰翔圆山酒店圆山畔西餐厅(圆山畔西餐厅),玛格利塔(银都店),南洋三叔公沙爹碌碌(青年路店)
福建,龙岩,2017-03-01,榭味央私味餐厅,老知青(双龙路店),福合埕牛肉火锅,荣誉正宗港式茶餐厅,味蜀吾,异朽阁,私宅复合时尚餐厅,九川老灶火锅店,川西坝子红码头,De Merci
福建,宁德,2017-03-01,七欣天品蟹轩(宁德万达广场店),万达嘉华酒店餐厅(天湖东路店),韩味缘,雅玛斯牛排生活坊,轻井泽火锅店,桥亭活鱼小镇(宝信广场店),自然醉鹅,越城记黑鱼煲(宁德万达店),小叫天泡椒活田鸡(宁德店),必胜客(宁德万达店)
江西,,2017-03-02,上井精致日本料理(铜锣湾店),老房子(绿地店),云境小厨(绳金塔店),c2光影餐厅,海底捞火锅(八一大道店),很高兴遇见你(铜锣湾店),西江月(世茂店),渝味晓宇火锅,丽尊牛排(禧悦丽尊店),胡桃里音乐酒馆(铜锣湾店)
江西,南昌,2017-03-02,上井精致日本料理(铜锣湾店),老房子(绿地店),云境小厨(绳金塔店),c2光影餐厅,海底捞火锅(八一大道店),很高兴遇见你(铜锣湾店),西江月(世茂店),渝味晓宇火锅,丽尊牛排(禧悦丽尊店),胡桃里音乐酒馆(铜锣湾店)
江西,景德镇,2017-03-02,回家吃饭餐厅(浙江路店),胡桃里音乐餐厅,谢蟹浓(景德镇店),景瀚大酒店揽景阁旋转餐厅,弄茶,六年二班串串,图味美小黄鱼(第一季),小食代,澜宝娜意大利餐厅,轻音料理
江西,九江,2017-03-02,仓桥家精致日式料理,潮牛一品,金太佑芝士肋排(天禧店),吉布鲁牛排海鲜自助(联盛快乐城),小西海,宴遇东方(一厂店),筱树洞烧烤餐厅(十里老街店),湘识本味(御江一品店),宴遇东方(九方店),肉本家韩国碳烤
江西,赣州,2017-03-02,黄记煌三汁焖锅(九方店),黄记煌三汁焖锅(万象城店),外婆大排档,探鱼(赣州万象城店),鹭溪客家菜(阳明国际店),胡桃里音乐酒馆,客家大院,十个铜钱,望江楼,味莊茶餐厅．自家點心(万象城店)
江西,抚州,2017-03-02,航海家主题铁板烧,余氏亚马逊主题风情餐厅,食其乐海鲜牛排自助餐厅,赖胖子肉蟹煲(万象新城店),千品捞(抚州店),猪欧巴韩国碳烤肉店(万象新城店),西兰牛排(万象新城店),添享茶馆,樱槿料理,麦田无限餐厅
江西,上饶,2017-03-02,一味领先,忆江南时尚餐厅,老闵田螺馆,广信传说,婺源忘景楼,到家了,婺源第一楼,三清风味,茶博府公馆餐厅,亚马逊环球美食百汇(万达店)
江西,,2017-03-01,上井精致日本料理(铜锣湾店),老房子(绿地店),重庆高老九火锅,很高兴遇见你(铜锣湾店),胡桃里音乐酒馆(铜锣湾店),云境小厨(绳金塔店),c2光影餐厅,江户前日本料理,海底捞火锅(八一大道店),西江月(世茂店)
江西,南昌,2017-03-01,上井精致日本料理(铜锣湾店),老房子(绿地店),重庆高老九火锅,很高兴遇见你(铜锣湾店),胡桃里音乐酒馆(铜锣湾店),云境小厨(绳金塔店),c2光影餐厅,江户前日本料理,海底捞火锅(八一大道店),西江月(世茂店)
江西,景德镇,2017-03-01,回家吃饭餐厅(浙江路店),图味美小黄鱼(第一季),胡桃里音乐餐厅,图味美小黄鱼(第三季店),珠山八味,轻音料理,小食代,虚谷艺术餐吧,景瀚大酒店揽景阁旋转餐厅,八大碗
江西,九江,2017-03-01,仓桥家精致日式料理,宴遇东方(四码头店),金太佑芝士肋排(天禧店),吉布鲁牛排海鲜自助(联盛快乐城),小西海,宴遇东方(一厂店),宴遇东方(九方店),尚鱼(九江店),楼兰新疆主题餐厅,金滏山烤肉海鲜火锅自助(天禧城市广场店)
江西,赣州,2017-03-01,客家大院,董府,沃尔顿国际酒店,味道风情餐厅,必胜客(PH翠微路店),十个铜钱,亚马逊巴西烤肉,虔南八碗(全球通大桥店),鹭溪客家菜(阳明国际店),九宫阁百年老灶火锅
江西,抚州,2017-03-01,航海家主题铁板烧,赖胖子肉蟹煲(万象新城店),余氏亚马逊主题风情餐厅,食其乐海鲜牛排自助餐厅,尊品牛排(赣东大道店),西兰牛排(万象新城店),上雅铁板烧.料理,牛男手造披萨(万象新城店),麦田无限餐厅,荣誉国际酒店海鲜自助餐厅
江西,上饶,2017-03-01,一味领先,忆江南时尚餐厅,老闵田螺馆,盛味堂韩式烤肉(万力时代店),大江户日本料理(万力时代店),到家了,婺源第一楼,雪莲牛骨汤―冯小刚电影《我不是潘金莲》拍摄地,觅你小厨,茶博府公馆餐厅
山东,,2017-03-02,南京大牌档(新都心凯德店),胡桃里音乐酒馆(济南店),海景花园大酒店·西餐厅,姜虎东白丁烤肉(万象城店),品蕴海鲜姿造,桃花洛音乐餐厅,隐家本格日式烧肉,北疆饭店(万象城店),撒椒(万象城店),四海一家(万象城店)
山东,青岛,2017-03-02,南京大牌档(新都心凯德店),海景花园大酒店·西餐厅,姜虎东白丁烤肉(万象城店),品蕴海鲜姿造,北疆饭店(万象城店),撒椒(万象城店),四海一家(万象城店),大龙燚火锅(青岛店),胡桃里音乐酒馆,前海沿(延吉路CBD万达店)
山东,济南,2017-03-02,胡桃里音乐酒馆(济南店),桃花洛音乐餐厅,隐家本格日式烧肉,鼎厨(奥体店),一踏糊涂,焱铁烧(恒隆广场店),东阙融合餐厅,小松源日式烧肉,铜来聚老北京涮肉(恒隆店),大渝火锅(济南世茂旗舰店)
山东,淄博,2017-03-02,海底捞火锅(万象汇店),大红门(小商品街店),老牌坊鲁菜名店(万象汇店),福口居(华光路店),盘古韩国餐厅,雀舞云南菜(万象汇店),城南往事济南风味主题餐厅(淄博张桓路店),那些年一起吃串的地方,尚水元,北疆饭店
山东,枣庄,2017-03-02,微山湖鱼馆,太阳部落自助火锅烤肉,台儿庄一绝运河鱼馆,尚水元休闲自助餐厅(中央城店),龙泉小镇,小板凳酱骨王(振兴路店),金釜轩烤肉美食中心,家和母亲菜,嗨天下海鲜烤涮自助餐厅,小江南(善国路店)
山东,东营,2017-03-02,花儿胡同音乐酒馆,半步癫,勝居酒屋(东营店),和记烧烤,胖哥俩肉蟹煲(东营万达店),蓝海新悦大饭店,万达嘉华酒店(自助餐厅),必胜客(商业大厦店),一家亲妈妈菜筷乐食代(自助餐厅),东营蓝海御华大饭店蓝钻国际美食自助
山东,烟台,2017-03-02,釜山豚骨湯飯,渔家灯火(大悦城店),旺角小渔村(二马路店),大渝火锅(芝罘万达店),的的喀喀南美烤肉(大悦城店),城南往事风味主题餐厅(烟台大悦城店),茅庐印象(大悦城店),夏夷岛活鲜豆捞,荣祥海鲜(一部),集杰尚品自助烤肉(万达店)
山东,潍坊,2017-03-02,汉巴味德,佰烧海鲜烤肉自助,鸢飞潍坊菜馆(奎文门店),daozao料理美术馆,吕氏疙瘩汤(潍坊万达店),海底捞(泰华假日广场店),老牌坊鲁菜名店(泰华城店),高第街56号港式餐厅(潍坊泰华城店),阿尔卑斯比萨牛排自助西餐厅,老友比萨
山东,济宁,2017-03-02,鲁城往事,阿田大虾,犟福牛火锅自助餐厅(曲师大店),古城老味,北京汉丽轩自助烤肉火锅超市(静轩东路店),令狐冲窑烤活鱼,大渝火锅(济宁万达店),西遇牛排坊,香格里拉自助餐,铜来聚老北京涮肉(金宇路店)
山东,泰安,2017-03-02,老牌坊(万达店),赵记煎饼卷大葱(东岳店),狼诱惑(傲徕峰店),蓝海御华大饭店蓝钻自助餐,北疆饭店,煎饼卷大葱酒店(泰山大街店),诚牛记潮汕牛肉火锅(丽景新天地店),泰安万达嘉华酒店自助餐厅,多嘴肉蟹煲,蓝海御华大饭店 渔歌舫
山东,威海,2017-03-02,猪的故事石板烤肉,八色烤肉,海底捞火锅(新威路店),独醒居酒屋,小萌猪▪木炭烤肉▪春川铁板鸡(利群店),小科烧肉(旗舰店),海牧场大盘海鲜,小科自助烧肉(高区店),四季自助百汇,椒媚川菜(乐天百货店)
山东,日照,2017-03-02,非尝锅氣(华润万象汇店),玖陆毛肚火锅(烟台路店店),外婆味道●海鲜大咖,蘭亭汇国际海鲜烤肉自助餐厅,日照蓝海国际大饭店蓝钻国际美食自助百汇,皇城根(万象汇店),茅庐印象,鼓歌渔家乐,仓井熊酒肉屋,潮牛帮火锅城
山东,临沂,2017-03-02,城南往事,胡桃里音乐酒馆(临沂店),小二班吃货集结地,美都波精肉烧烤,渔之歌时尚烤鱼(和谐总店),蓝海国际饭店(北城新区店),一期一会日式料理,味道江湖·福满园,河风精致寿司,牛阵烧烤
山东,德州,2017-03-02,胡桃里音乐酒馆,佰烧海鲜烤肉自助,渔家灯火胶东海鲜餐厅,凤冠假日酒店自助餐,毛家饭店,小江南,多嘴肉蟹煲(德州万达店),观海码头,皇城根北京风味主题餐厅,东来顺(澳德乐店)
山东,聊城,2017-03-02,斗牛家烤肉,皇家5号自助餐厅,城南往事风味主题餐厅(美食岛店),鲁西南老牌坊(金鼎店),老诚一锅,咱家蒸碗,孙家烧鸽子,运河古都风情菜,高第街56号港式餐厅(振华店),皇城根北京主题风味餐厅(金鼎店)
山东,滨州,2017-03-02,皇城根北京风味主题餐厅,比格披萨,兰亭第一烤场,老牌坊小吃屋邹平圣豪时尚广场店,新辣道鱼火锅(滨州店),萨贝尔意式餐厅,多嘴肉蟹煲(万达店),瓦良格自助烤肉,唇辣号重庆老火锅(滨州总店),火客火锅(万达店)
山东,菏泽,2017-03-02,磐石宾馆,海纳自助品质烤肉,小乔湘·湖南菜,四季满员羊肉汤店,令狐冲(定陶店),高第街56号餐厅,松竹梅,上岛咖啡法式铁板烧,水邑柏青酒店餐厅,百特喜比萨(新苏天美店)
山东,,2017-03-01,南京大牌档(新都心凯德店),胡桃里音乐酒馆(济南店),品蕴海鲜姿造,海景花园大酒店·西餐厅,姜虎东白丁烤肉(万象城店),撒椒(万象城店),桃花洛音乐餐厅,隐家本格日式烧肉,前海沿(延吉路CBD万达店),东阙融合餐厅
山东,青岛,2017-03-01,南京大牌档(新都心凯德店),品蕴海鲜姿造,海景花园大酒店·西餐厅,姜虎东白丁烤肉(万象城店),撒椒(万象城店),前海沿(延吉路CBD万达店),前海沿(香港中路佳世客店),北疆饭店(万象城店),四海一家(万象城店),胡桃里音乐酒馆
山东,济南,2017-03-01,胡桃里音乐酒馆(济南店),桃花洛音乐餐厅,隐家本格日式烧肉,东阙融合餐厅,一踏糊涂,鼎厨(奥体店),佰烧海鲜烤肉自助(世茂店),悦蓉水庄,翡翠餐厅,铜来聚老北京涮肉(恒隆店)
山东,淄博,2017-03-01,海底捞火锅(万象汇店),RunningDuck披萨,北洋肥牛(创业大厦店),雀舞云南菜(万象汇店),淄博蓝海国际大饭店,北疆饭店,老牌坊鲁菜名店(万象汇店),盘古韩国餐厅,大红门(小商品街店),尚水元
山东,枣庄,2017-03-01,微山湖鱼馆,台儿庄一绝运河鱼馆,家和母亲菜,尚水元休闲自助餐厅(中央城店),滨江国际大酒店,贵源食府,龙泉小镇,太阳部落自助火锅烤肉,金釜轩烤肉美食中心,胡同里餐厅
山东,东营,2017-03-01,胖哥俩肉蟹煲(东营万达店),花儿胡同音乐酒馆,潍城老菜馆(潍城老铺),勝居酒屋(东营店),半步癫,和记烧烤,一家亲妈妈菜筷乐食代(自助餐厅),济州岛(炭火烤肉专门店),东胜大厦餐厅,蓝海新悦大饭店
山东,烟台,2017-03-01,大渝火锅(芝罘万达店),渔家灯火(大悦城店),釜山豚骨湯飯,旺角小渔村(二马路店),汉金城海鲜烤肉自助百汇(莱山店),茅庐印象(大悦城店),城南往事风味主题餐厅(烟台大悦城店),小红鲸,龙湖菲斯特自助西餐厅,的的喀喀南美烤肉(大悦城店)
山东,潍坊,2017-03-01,上口全羊(留吕店),海底捞(泰华假日广场店),daozao料理美术馆,汉巴味德,鸢飞潍坊菜馆(奎文门店),上口全羊,小猪小牛现代烤肉主题餐厅(潍坊店),佰烧海鲜烤肉自助,高第街56号港式餐厅(潍坊泰华城店),叫了个鸡
山东,济宁,2017-03-01,鲁城往事,阿田大虾,令狐冲窑烤活鱼,犟福牛火锅自助餐厅(曲师大店),古城老味,北京汉丽轩自助烤肉火锅超市(静轩东路店),犟福牛一涮一烤自助餐厅(游客中心店),瓦萨里现烤披萨,铜来聚老北京涮肉(金宇路店),西遇牛排坊
山东,泰安,2017-03-01,狼诱惑(傲徕峰店),老牌坊(万达店),赵记煎饼卷大葱(东岳店),多嘴肉蟹煲,煎饼卷大葱酒店(泰山大街店),蓝海御华大饭店蓝钻自助餐,诚牛记潮汕牛肉火锅(丽景新天地店),满香园自助海鲜烤肉,半天妖烤鱼(大润发店),北疆饭店
山东,威海,2017-03-01,猪的故事石板烤肉,椒媚川菜(乐天百货店),海底捞火锅(新威路店),小水手海鲜主题自助火锅(青岛路店),八色烤肉,探鱼(威高店),海牧场大盘海鲜,恩你小木屋米酒2号店(高区帝王宫店),小萌猪▪木炭烤肉▪春川铁板鸡(利群店),太一家料理
山东,日照,2017-03-01,日照蓝海国际大饭店蓝钻国际美食自助百汇,非尝锅氣(华润万象汇店),鼓歌渔家乐,茅庐印象,玖陆毛肚火锅(烟台路店店),仓井熊酒肉屋,日照人家(山东八大碗),外婆味道●海鲜大咖,黄记煌三汁焖锅,小木屋
山东,临沂,2017-03-01,胡桃里音乐酒馆(临沂店),蓝海国际饭店(北城新区店),城南往事,牛阵烧烤,河风精致寿司,慧子精致寿司,欢乐牧场自助烧烤火锅餐厅(旺角大润发店),小二班吃货集结地,火炉家韩国炭烤肉(临沂店),蔡田福佛跳墙(涑河店)
山东,德州,2017-03-01,胡桃里音乐酒馆,佰烧海鲜烤肉自助,小江南,皇城根北京风味主题餐厅,九宫格火锅(高地店),黄河楼主题餐厅,齐河老家四合院,北京汉釜宫自助烤肉火锅,毛家饭店,凤冠假日酒店自助餐
山东,聊城,2017-03-01,城南往事风味主题餐厅(美食岛店),鲁西南老牌坊(金鼎店),老诚一锅,斗牛家的烤肉店,运河古都风情菜,斗牛家烤肉,高兴一锅潮汕牛肉火锅,皇家5号自助餐厅,厨老怪,城南往事风味主题餐厅(振华店)
山东,滨州,2017-03-01,皇城根,兰亭第一烤场,胶东小海鲜餐饮公司(老城根饺子坊十路店),9号肥牛,比格披萨,瓦良格自助烤肉,皇城根北京风味主题餐厅,正宗流钟锅子饼(总店),辛明堂洞(万达店),新疆伊犁河餐厅
山东,菏泽,2017-03-01,小城印象(中央公馆店),百特喜比萨(新苏天美店),明珠海鲜大酒店,四季满员羊肉汤店,海纳自助品质烤肉,码头故事(曹县店),老灶台全季火锅(菏泽华英路店),水浒故里,小龙坎火锅,曹州印象
河南,,2017-03-02,胡桃里音乐酒馆,城墙根融合茶馆(CBD店),5号公路餐厅(CBD店),俄式厨房(二七万达店),禾珍珠小锅米饭(郑东新区店),铁板诱惑法式铁板烧(大卫城店),月下料理,5号公路餐厅(曼哈顿店),鲁班小馆&小锅米饭(政四街店),俄式厨房(未来路店)
河南,郑州,2017-03-02,胡桃里音乐酒馆,城墙根融合茶馆(CBD店),5号公路餐厅(CBD店),俄式厨房(二七万达店),禾珍珠小锅米饭(郑东新区店),铁板诱惑法式铁板烧(大卫城店),月下料理,5号公路餐厅(曼哈顿店),鲁班小馆&小锅米饭(政四街店),俄式厨房(未来路店)
河南,开封,2017-03-02,葛记红焖羊肉(开封总店),第一楼(寺后街店),第一楼(西区店),建业铂尔曼酒店露华轩中餐厅(露华轩中餐厅),黄家老店(西司店),黄家老店(宋城路店),老开封胡同菜,酋长的餐桌新疆欢宴餐厅,黄记煌三汁焖锅(开元广场店),云鼎汇砂焖锅(星光天地店)
河南,洛阳,2017-03-02,真不同饭店(中州东路店),洛阳水席园,克丽司汀酒店--日光阁餐厅,九府水席老店,阿普家时尚餐厅(西工健康路店),花舍咖餐厅(王府井店),管记水席老店,韩古风韩式自助烧烤(王城大道店),夏日时光创意餐厅,胡桃里音乐酒馆
河南,平顶山,2017-03-02,权釜山自助烤肉,韩蜀汇,Zoo Steak 动物园牛排,汉丽轩自助烤涮餐厅,四小姐的店,友田町创意料理(基泰店),和生记潮汕牛肉火锅,巴奴毛肚火锅(新华路店),老友记广东传统打边炉,清真-虾湖岛-香锅里辣(诚朴路店)
河南,新乡,2017-03-02,融味餐厅,胡桃里音乐酒馆,葛记红焖羊肉(和平路形象店),姑奶奶厨坊,米斗食堂,阳光牧场(原欢乐牧场),安藤家日式料理,詹姆仕芝士排骨(大商百货店),别处生活西餐厅,远古串说(新胖东来店)
河南,焦作,2017-03-02,胡桃里音乐酒馆,带劲烧烤工场,韩釜山海鲜烤肉火锅自助餐厅,徐府一品大虾(大杨树店),重庆鸡公煲(和平路店),漫格咖啡,胖哥俩肉蟹煲(王府井店),金鸡玉面,小龙坎老火锅,上海汉丽源自助烤肉
河南,许昌,2017-03-02,遇见长安,付小姐在成都,號外主题餐厅,常香豫,土大力休闲餐厅(胖东来店),华豫川酒家(许昌店),小倾国时尚铁板烧自助餐厅,老房子酒楼(古槐街店),严厨许昌遇·鱼1店,味匠披萨
河南,南阳,2017-03-02,胖哥俩肉蟹煲(红都时代广场店),食神,陈氏大虾,金顶鲜宁夏胡羊排烧烤火锅,信阳人家,温州酱鸡酱鸭店,忆·城南往事,巴蜀人家,沸腾烤吧,食尚派海鲜自助餐厅
河南,,2017-03-01,月下料理,5号公路餐厅(CBD店),胡桃里音乐酒馆,禾珍珠小锅米饭(郑东新区店),铁板诱惑法式铁板烧(大卫城店),城墙根融合茶馆(CBD店),5号公路餐厅(曼哈顿店),鲁班小馆&小锅米饭(政四街店),俄式厨房(未来路店),大秦地
河南,郑州,2017-03-01,月下料理,5号公路餐厅(CBD店),胡桃里音乐酒馆,禾珍珠小锅米饭(郑东新区店),铁板诱惑法式铁板烧(大卫城店),城墙根融合茶馆(CBD店),5号公路餐厅(曼哈顿店),鲁班小馆&小锅米饭(政四街店),俄式厨房(未来路店),大秦地
河南,开封,2017-03-01,葛记红焖羊肉(开封总店),老开封胡同菜,邢家锅贴旗舰店(总店),第一楼(寺后街店),稻香居(宋都御街店),红云烧烤,爱斯米牛排自助,晓宇火锅(鼓楼店),第一楼(西区店),冰雪俏鸭头(中山路店)
河南,洛阳,2017-03-01,克丽司汀酒店--日光阁餐厅,洛阳水席园,九府水席老店,真不同饭店(中州东路店),胡桃里音乐酒馆,管记水席老店,托斯卡纳意大利餐厅(洛阳店),真不同饭店(政和路店),四小姐的店(泉舜店),阿普家时尚餐厅(西工健康路店)
河南,平顶山,2017-03-01,瓦库23号店,权釜山自助烤肉,韩蜀汇,老友记广东传统打边炉,老树芽,三锅演义(劳动路店),胖哥俩肉蟹煲(开源店),巴奴毛肚火锅(文化宫店),清真-虾湖岛-香锅里辣(诚朴路店),汉丽轩自助烤涮餐厅
河南,新乡,2017-03-01,融味餐厅,胡桃里音乐酒馆,安藤家日式料理,韩鑫道韩式自助烤肉火锅,辉记烧鹅仔(公安大楼店),葛记红焖羊肉(和平路形象店),阳光牧场(原欢乐牧场),姑奶奶厨坊,古色鱼乡石锅鱼香辣虾(北干道1店),拾光·意大利餐厅
河南,焦作,2017-03-01,带劲烧烤工场,胡桃里音乐酒馆,海底捞火锅(民主路店),徐府一品大虾(大杨树店),海洋之星,漫格咖啡,韩釜山海鲜烤肉火锅自助餐厅,上海汉丽源自助烤肉,亲情树家常菜,小龙坎重庆老火锅
河南,许昌,2017-03-01,付小姐在成都,严厨许昌遇·鱼1店,遇见长安,常香豫,小倾国时尚铁板烧自助餐厅,华豫川酒家(许昌店),大智若鱼时尚火锅餐厅,號外主题餐厅,牛太郎自助餐厅,韩风源自助餐厅(五一路店)
湖北,,2017-03-02,小龙坎火锅(武汉总店),稻香海鲜火锅酒家(汉街店),夏氏砂锅(万松园店),金马门国际美食百汇(珞喻路店),小川料理(街道口店),小龙坎火锅(概念店),大火山真炭烤肉,骉骉老火锅,袁老四火锅,牛很鲜潮汕牛肉火锅(凯德1818店)
湖北,武汉,2017-03-02,小龙坎火锅(武汉总店),稻香海鲜火锅酒家(汉街店),夏氏砂锅(万松园店),金马门国际美食百汇(珞喻路店),小川料理(街道口店),小龙坎火锅(概念店),大火山真炭烤肉,骉骉老火锅,袁老四火锅,牛很鲜潮汕牛肉火锅(凯德1818店)
湖北,十堰,2017-03-02,陈记顺河牛肉店(十堰旗舰店),上善坊,月满大江(六堰店),双鱼先生寿司,姥姥家(人商店),半秋山西餐厅(十堰人民商场店),兄弟爬爬虾(六堰店),海天盛宴海鲜自助餐厅,姥姥农家饭馆,李二活鱼头
湖北,宜昌,2017-03-02,水鱻鱼馆,石尚·云南蒸汽石锅鱼(万达外街店),小龙坎老火锅(解放路店),自己人(水悦城店),蛙来哒(水悦城店),蛙来哒(CBD店),食家庄酒店,运河人家,梁记粥铺(万达店),自己人(CBD)
湖北,襄阳,2017-03-02,有盐有味精粹餐厅(人民广场店),小龙坎火锅(襄阳店),亲嘴鱼虾,吉布鲁牛排海鲜自助,探鱼(民发广场店),金滏山烤肉·海鲜·火锅自助,怒放啤酒音乐烧烤餐厅,艳阳天酒家(万达店),万达皇冠假日酒店一楼自助餐餐厅,荷花亭融合餐厅(襄阳武商店)
湖北,孝感,2017-03-02,福记小厨,福味馆(二店),韩厨缘素火锅烤肉自助美食汇,半秋山西餐厅(孝感保丽店),彭厨,荷花亭(孝感保丽国际广场店),沃滋味自助餐厅,渝家菜(孝感店),川西坝子成都连锁火锅,米索西牛排音乐餐厅
湖北,荆州,2017-03-02,海港印象海鲜自助火锅(万达店),我家福厨(人信汇中餐厅),我家福厨(万达中餐厅店),荆州万达嘉华酒店美食汇西餐厅(美食汇西餐厅),海陆空(万达粤鲜店),半秋山西餐厅(荆州万达店),77回旋火锅,牛太郎时尚自助烤肉(荆州万达广场店),小龙坎火锅(荆州店),韩悦韩式烤肉(荆州店)
湖北,,2017-03-01,小川料理(街道口店),小龙坎火锅(武汉总店),稻香海鲜火锅酒家(汉街店),小龙坎火锅(概念店),金马门国际美食百汇(珞喻路店),牛很鲜潮汕牛肉火锅(凯德1818店),夏氏砂锅(万松园店),大火山真炭烤肉,袁老四火锅,骉骉老火锅
湖北,武汉,2017-03-01,小川料理(街道口店),小龙坎火锅(武汉总店),稻香海鲜火锅酒家(汉街店),小龙坎火锅(概念店),金马门国际美食百汇(珞喻路店),牛很鲜潮汕牛肉火锅(凯德1818店),夏氏砂锅(万松园店),大火山真炭烤肉,袁老四火锅,骉骉老火锅
湖北,十堰,2017-03-01,上善坊,姥姥农家饭馆,希尔顿逸林酒店餐饮部,双鱼先生寿司,陈记顺河牛肉店(十堰旗舰店),外婆农家饭,乡村味道土碗菜,大龍燚火锅,姥姥家(万达店),幸福小镇民间菜
湖北,宜昌,2017-03-01,水鱻鱼馆,小龙坎老火锅(解放路店),自己人(水悦城店),必胜客(宜昌万达路店),石尚·云南蒸汽石锅鱼(万达外街店),梁记粥铺(万达店),蛙来哒(CBD店),自己人(九码头店),放翁酒家(放翁酒家),华美达海鲜盛宴餐厅(尝·泰餐厅)
湖北,襄阳,2017-03-01,海之味,小龙坎火锅(襄阳店),亲嘴鱼虾,有盐有味精粹餐厅(人民广场店),怒放啤酒音乐烧烤餐厅,必胜客(襄阳民发PH店),味库,江南怒韩式烤肉,友膳居酒屋,必胜客(光武路店)
湖北,孝感,2017-03-01,彭厨,贵族世家牛排(保丽广场店),沃滋味自助餐厅,李二鲜鱼村(北京路店),宇济大酒店花园自助西餐厅,福味馆(二店),我爱烤鱼,乡里的孩子中式餐厅,半秋山西餐厅(孝感保丽店),爷爷的土钵菜
湖北,荆州,2017-03-01,我家福厨(人信汇中餐厅),韩悦韩式烤肉(荆州店),我家福厨(万达中餐厅店),汉釜宫韩式自助烤肉涮锅,艳阳天酒家(东门店),半秋山西餐厅(荆州万达店),一番料理(万达店),若爱猪肚鸡(荆州店),小龙坎火锅(荆州店),沙鸥大酒店
湖南,,2017-03-02,炊烟时代(五一华府店),壹盏灯饭庄,胡桃里音乐酒馆,世外桃源钰湘宴,萬鱼藏创作日本料理(开福万达店),蛙来哒(7UP店),猫主题猫大力猫咖餐厅,京城老黄记火锅,长沙北辰洲际酒店兰调全日餐厅(兰调全日餐厅),青瓦炭韩潮烤肉(海信广场店)
湖南,株洲,2017-03-02,轻音料理,花漾那塞·无国界料理餐厅,蛙来哒(大汉悦中心店),松子日本料理(大汉悦中心店),万豪酒店"臻"全日海鲜自助餐厅,小亲瓷泉水餐厅(泰山路店),鲸鱼岛国际海鲜荟,爷爷的土钵菜,上橙小院,晴溪庄园(株洲店)
湖南,湘潭,2017-03-02,炊烟食代(湘潭步步高),百特喜(湘潭万达店),罗家冲柴火饭庄,韩悦韩式烤肉(万达广场店),探鱼餐厅(湘潭步步高),法兰度航空主题餐厅(万达店),美疆歌舞新疆主题餐厅(湘潭万达店),57℃湘,蛙来哒(步步高店),时光厨艺年代主题餐厅
湖南,衡阳,2017-03-02,味道先生主题餐厅(摩登店),Mangofactory coffee芒果工厂咖啡,外公外婆(红湘店),蓉城宽窄巷子成都名小吃,熊猫餐谋海鲜自助,湘当有饭(华新步步高店),蛙来哒(摩登店),蛙来哒(连卡福店),韩尚道自助牛排海鲜烤肉&火锅,蜀少爷柠檬酸菜鱼
湖南,岳阳,2017-03-02,井水•巴陵湖鲜楼,壹号大锅灶鱼馆(军分区店),蛙来哒,三毛烧烤(炮台山总店),爷爷的土钵菜,小家庭(王家河店),井水饭庄,重庆沈家洪城老火锅,壹号大锅灶鱼馆(美食街店),松临铁板烧
湖南,常德,2017-03-02,OMELASfresh奥米乐斯(银街店),川锅壹号,吉布鲁牛排●海鲜自助(万达店),吉布鲁牛排●海鲜自助(友阿店),四五素美蔬馆(金银店),蘑菇兄弟(步行街店),蘑菇兄弟烤肉海鲜火锅自助(和瑞欢乐城店),与食俱进时尚餐厅(久光店),常德武陵天济喜来登酒店 - 盛宴餐厅(皂果路店),汉堡王(常德万达店)
湖南,张家界,2017-03-02,彭厨主题餐厅,寨子里的钵钵菜,禾田园私房菜,印象老灶台(华天城店),胡师傅三下锅(汽车站店),代记私房菜(儿时的味道),秦大妈锅巴饭(南庄坪店),富正毅三下锅(三店),龚师傅土菜馆,禾田下生态餐饮
湖南,郴州,2017-03-02,邂逅创意菜餐厅,胡桃里音乐酒馆,沸腾久久海鲜牛排自助餐厅,色巷(友阿国际广场店),寻蛙记炭烧牛蛙,海豚湾海洋餐厅,首尔妈妈,牛爵·1983牛排专家,爱乐多披萨,必胜客(PH五岭广场店)
湖南,长沙,2017-03-02,炊烟时代(五一华府店),壹盏灯饭庄,胡桃里音乐酒馆,世外桃源钰湘宴,萬鱼藏创作日本料理(开福万达店),蛙来哒(7UP店),猫主题猫大力猫咖餐厅,京城老黄记火锅,长沙北辰洲际酒店兰调全日餐厅(兰调全日餐厅),青瓦炭韩潮烤肉(海信广场店)
湖南,,2017-03-01,壹盏灯饭庄,炊烟时代(五一华府店),萬鱼藏创作日本料理(开福万达店),胡桃里音乐酒馆,青瓦炭韩潮烤肉(海信广场店),世外桃源钰湘宴,蛙来哒(7UP店),壹盏灯(乐和城店),正斗粥面专家,青和苑茶餐会馆
湖南,株洲,2017-03-01,轻音料理,松子日本料理(大汉悦中心店),花漾那塞·无国界料理餐厅,蛙来哒(大汉悦中心店),兔子与蒲公英日韩美食BARBECUE自助餐厅,寻蟹记肉蟹煲,火焰锅-嚼士私房(希尔顿店),上橙小院,鲸鱼岛国际海鲜荟,大碗先生(天虹店)
湖南,湘潭,2017-03-01,罗家冲柴火饭庄,炊烟食代(湘潭步步高),韩悦韩式烤肉(万达广场店),百特喜(湘潭万达店),江南食代自助餐厅,来韶饭店,探鱼餐厅(湘潭步步高),牛库(湘潭步步高店),新概念·湘水湾,蛙来哒(步步高店)
湖南,衡阳,2017-03-01,Mangofactory coffee芒果工厂咖啡,外公外婆(红湘店),味道先生主题餐厅(摩登店),熊猫餐谋海鲜自助,蛙来哒(连卡福店),豪烤官,原始部落酒楼,胡桃里音乐酒馆,红辣椒湘菜馆,宽窄巷(晶珠广场店)
湖南,岳阳,2017-03-01,壹号大锅灶鱼馆(军分区店),井水•巴陵湖鲜楼,三毛烧烤(炮台山总店),三尺日式料理(日料),重庆沈家洪城老火锅,nanasushi,蛙来哒,耿兄弟大排档,川锅壹号火锅(岳阳店),57℃湘
湖南,常德,2017-03-01,蘑菇兄弟烤肉海鲜火锅自助(和瑞欢乐城店),蘑菇兄弟(步行街店),吉布鲁牛排●海鲜自助(友阿店),吉布鲁牛排●海鲜自助(万达店),OMELASfresh奥米乐斯(银街店),大铁锅,柒号餐厅(皂果路店),常德武陵天济喜来登酒店 - 盛宴餐厅(皂果路店),百特喜意式纯手工比萨(百特喜常德万达餐厅),万岁寿司(万达店)
湖南,张家界,2017-03-01,胡师傅三下锅(汽车站店),寨子里的钵钵菜,彭厨主题餐厅,代记私房菜(儿时的味道),秦大妈锅巴饭(南庄坪店),龚师傅土菜馆,禾田园私房菜,乌龙山寨民族餐饮(溪布街店),乡念青年时尚餐厅,乌龙山寨民族餐饮(索道公司店)
湖南,郴州,2017-03-01,黄草香槟树活鱼馆,食上阅读西餐厅(友阿广场店),邂逅创意菜餐厅,俏贝拉意式简餐,色巷(友阿国际广场店),爱乐多披萨,蛙来哒(郴州店),perry派瑞餐吧,尚品烤园全自助生态烤肉餐厅(生源店),费大厨辣椒炒肉同新餐饮连锁
湖南,长沙,2017-03-01,壹盏灯饭庄,炊烟时代(五一华府店),萬鱼藏创作日本料理(开福万达店),胡桃里音乐酒馆,青瓦炭韩潮烤肉(海信广场店),世外桃源钰湘宴,蛙来哒(7UP店),壹盏灯(乐和城店),正斗粥面专家,青和苑茶餐会馆
广东,,2017-03-02,1949全鸭季(欢乐海岸购物中心店),华家里台州私房菜(欢乐海岸购物中心店),廾穹概念中国菜(琶醍店),利宝阁,Mr.Fish鱼鲜生海鲜放题,胡桃里音乐酒馆,小炳胜,陶陶居酒家(正佳广场店),點都德(华强楼),鲜生贵姓-创意视觉餐饮(烈士陵园店)
广东,广州,2017-03-02,廾穹概念中国菜(琶醍店),Mr.Fish鱼鲜生海鲜放题,胡桃里音乐酒馆,小炳胜,陶陶居酒家(正佳广场店),鲜生贵姓-创意视觉餐饮(烈士陵园店),響.炉端烧(兴盛路店),炳胜品味(珠江新城店),洛奇先生餐吧(时代广场店),广州富力君悦大酒店凯菲厅
广东,深圳,2017-03-02,1949全鸭季(欢乐海岸购物中心店),华家里台州私房菜(欢乐海岸购物中心店),利宝阁,點都德(华强楼),日日香鹅肉饭店,香家火锅,汕头八合里海记牛肉店(海岸城店),大阪烧肉双子(国贸店),汕头八合里海记牛肉店(购物公园店),Poké-doke
广东,韶关,2017-03-02,上引食堂(澳洲牛肉海鲜放题餐厅),新隆饭店,舌尖上的美食(曲江店),风度华美达广场酒店自助餐厅(自助餐厅),本岛粥城(风度南路店),5号文化餐吧,龙姐私房菜,酸笋牛展,粤北风味馆,大榕树美食
广东,珠海,2017-03-02,金悅軒海鮮酒家(拱北店),盘谷餐厅,长隆企鹅酒店帝企鹅自助餐厅,湾仔海鲜街海仪美食楼,汕头八合里海记牛肉火锅店(愚园店),Refill悦府,冯姐生蚝(拱北店),蛙小侠(华发商都店),蝴蝶梦音乐餐厅,濠轩阁特色生蚝火锅
广东,汕头,2017-03-02,汕头八合里海记牛肉店(八合里总店),汕头胡桃里音乐酒馆,客串出品烧烤餐厅,盛味堂(合胜店),围炉夜话,蜀九香(汕头店),富苑饮食,点心传说(苏宁广场店),庄氏祥记家常食府(国瑞店),点心传说(合胜店)
广东,佛山,2017-03-02,大龙燚火锅,蚝专家,顺德婆私房菜,海底捞火锅(创意园店),龙桥私厨,猪肉婆私房菜,無双海鲜丼专门店,撒椒(岭南站店),麺越(岭南站NOVA店),蛙小侠(环宇城店)
广东,江门,2017-03-02,喜越泰莱-泰越料理(海逸新天地店),海底捞火锅(汇悦城店),hey·farm熹麦,云顶山庄,友垣日本料理铁板烧,熹派·中华料理(海逸新天地店),三人前手作,鹅城,喜菜,椒王火锅(江门万达店)
广东,湛江,2017-03-02,坂鲜寿司(怡福店),榕意花园餐厅,越百海海鲜蒸锅(观海店),椒王(湛江万达店),探蟹(鼎盛店),竹林府,坂鲜料理,大牌档,炙食堂,探鱼(鼎盛广场店)
广东,茂名,2017-03-02,重庆小天鹅火锅,香港喜记茶餐厅(华侨城店),小龙坎火锅,乡村菜馆(计星店),壹品柠檬鱼(华侨城店),相聚时光(光华店),爱尚客韩式烤肉自助餐厅(汇丰广场店),老西安,相聚时光(人民南路店),非烤勿扰韩式烤肉自助餐厅(茂名明湖店)
广东,肇庆,2017-03-02,星湖大酒店29楼旋转西餐厅,柴火一品烧,荣兴河鲜楼,探炉-炭火烤鱼,红翻天重庆老火锅,公牛爵士餐吧,魔方餐吧,赖胖子肉蟹煲,红灶头柴火醉鹅·柴火鸡,老西安餐厅
广东,惠州,2017-03-02,巽寮湾新欢海鲜自选加工大排档(新欢市场大排档),海里捞海鲜潮菜餐厅(海公园店),汕头八合里海记牛肉店(惠州麦地店),井珠阁海鲜饭店(老字号),海底捞(华贸店),一成光料理,西贝莜面村(惠州华贸店),鹏友汇客家餐厅,西湖宾馆海龙海鲜酒家,胖哥俩肉蟹煲(华贸店)
广东,梅州,2017-03-02,品真靓汤,金苑酒家(万象店),汇客苑·毋米粥火锅顺德菜餐厅,一哥大盆菜主题餐厅,阿具客家菜,好口福客家食府,万秋楼,泰厨,胡桃里音乐酒馆,田园农庄
广东,河源,2017-03-02,聚福楼客家餐馆,汇景希尔顿逸林酒店悦轩中餐厅,万绿客家王,丽春农家菜,点心传说(万隆城店),千羽寿司(万隆城店),龙福楼,南山食坊,巴伐利亚庄园福朋喜来登度假酒店(宜客乐全日西餐厅),九和鸿禧饭店
广东,阳江,2017-03-02,顺风食府,宴寓古典艺术连锁餐饮(百利广场店),小牛狂人餐吧(三环路店),三秋园緑茶餐厅(百利广场店),赶蟹手抓海鲜主题餐厅(百利广场店),探炉烤鱼餐厅(百利广场店),點都德(百利楼),菏题蔬食料理新派茶市餐厅,秋姐美食店,胡桃里音乐酒馆
广东,清远,2017-03-02,春意概念餐厅,探鱼(清远万达广场店),回味柴火农庄,麻辣英雄重庆老火锅(清远店),必胜客(英德店店),品味园山庄,千羽寿司(清远万达店),杯子红西餐(清远万达广场店),地茂餐馆,九厅十八井农庄
广东,东莞,2017-03-02,汕头八合里海记牛肉店(第一国际店),汕头八合里海记牛肉店(东城万达店),汕头八合里海记牛肉店(南城店),大腕鳗,鲜焗 baked fresh,海洋莞,圣高餐吧(南城店),润泽园椰子鸡(汇一城总店),润小馆海南椰子鸡,LAYA BURGER 拉亚汉堡经典餐厅
广东,中山,2017-03-02,石岐佬·中山菜馆(总店),汕头八合里海记牛肉店(利和广场店),Restaurant Koji餐厅,小龙坎老火锅(南下店),赏点就点 早茶·点心,探鱼(中山店),喜越Vcorner越南菜餐厅,胡桃里音乐酒馆,KIWI FOOD  新西兰小羊排,胖哥俩肉蟹煲(中山利和广场店)
广东,潮州,2017-03-02,阿彬牛肉火锅(牌坊街分店),官塘原味鱼生,探鱼,红磨坊(潮州店),官塘锋记鱼生,枫春海鲜大排档-潮州菜,西关厨子(广场店),辉记老牌砂锅粥水蛇鸡(城新店),莲华素食府,韩上楼大酒楼
广东,揭阳,2017-03-02,探鱼(普宁万泰汇店),点心传说,法兰度航空主题餐厅,大龍燚火锅,御膳江南(万泰汇店),胡桃里音乐酒馆,Misscai菜菜韩式自助烧烤餐厅,顺记牛肉店,潮·文化主题餐厅,鸿兴美食
广东,,2017-03-01,廾穹概念中国菜(琶醍店),Mr.Fish鱼鲜生海鲜放题,利宝阁,胡桃里音乐酒馆,小炳胜,陶陶居酒家(正佳广场店),京基滨河KKONE,洛奇先生餐吧(时代广场店),蜀九香(兴盛路二店),響.炉端烧(兴盛路店)
广东,广州,2017-03-01,廾穹概念中国菜(琶醍店),Mr.Fish鱼鲜生海鲜放题,胡桃里音乐酒馆,小炳胜,陶陶居酒家(正佳广场店),洛奇先生餐吧(时代广场店),蜀九香(兴盛路二店),響.炉端烧(兴盛路店),耍牛满·爽腩鲜牛肉火锅(太古仓店),汕头八合里海记牛肉店(体育西店)
广东,深圳,2017-03-01,利宝阁,京基滨河KKONE,Poké-doke,點都德(华强楼),日日香鹅肉饭店,汕头八合里海记牛肉店(购物公园店),大阪烧肉双子(国贸店),胡桃里音乐酒馆(中心城店),I HOLIC PIZZA(艾豪丽披萨),汕头八合里海记牛肉店(海岸城店)
广东,韶关,2017-03-01,本岛粥城(风度南路店),马上吃潮汕鲜牛肉火锅店,舌尖上的美食(曲江店),新隆饭店,风度华美达广场酒店自助餐厅(自助餐厅),德莊火锅(百年东街店),川料理•欧亚,龙姐私房菜,龙围竹林农庄,大榕树美食
广东,珠海,2017-03-01,金悅軒海鮮酒家(拱北店),盘谷餐厅,长隆企鹅酒店帝企鹅自助餐厅,湾仔海鲜街海仪美食楼,冯姐生蚝(拱北店),汕头八合里海记牛肉火锅店(愚园店),汕头八合里海记牛肉火锅店(华发商都店),湛记大排档(横琴新区店),撒椒(华发商都店),武藏日式料理
广东,汕头,2017-03-01,汕头胡桃里音乐酒馆,客串出品烧烤餐厅,蜀九香(汕头店),汕头八合里海记牛肉店(八合里总店),围炉夜话,点心传说(苏宁广场店),富苑饮食,陈记顺和牛肉火锅店(韩江路店),海底捞火锅(苏宁广场店),盛味堂(合胜店)
广东,佛山,2017-03-01,蚝专家,大龙燚火锅,撒椒(岭南站店),海底捞火锅(创意园店),無双海鲜丼专门店,顺德婆私房菜,猪肉婆私房菜,蛙小侠(环宇城店),肥妹饭堂,麺越(岭南站NOVA店)
广东,江门,2017-03-01,喜越泰莱-泰越料理(海逸新天地店),海底捞火锅(汇悦城店),hey·farm熹麦,熹派·中华料理(海逸新天地店),鹅城,友垣日本料理铁板烧,探鱼(中天广场店),五邑人家,云顶山庄,喜菜
广东,湛江,2017-03-01,榕意花园餐厅,坂鲜寿司(怡福店),探蟹(鼎盛店),越百海海鲜蒸锅(观海店),椒王(湛江万达店),西海岸西餐厅(霞山总店),三月兔花之里新派日本料理,竹林府,探鱼(鼎盛广场店),猪哥牛姐韩式水煎肉(鼎盛广场店)
广东,茂名,2017-03-01,小龙坎火锅,重庆小天鹅火锅,探炉-真的炭火烤鱼,爱尚客韩式烤肉自助餐厅(汇丰广场店),安泰大酒店1945西餐厅(中西餐),香港喜记茶餐厅(华侨城店),重庆德庄火锅城,友情有意音乐餐吧,川派熊猫新概念主题餐厅,乡村菜馆(计星店)
广东,肇庆,2017-03-01,星湖大酒店29楼旋转西餐厅,中恒华餐饮文化(尚景苑店),朝天门防空洞老火锅,八爪先生,海记潮汕特色牛肉火锅,信品铁板烧,波士顿芝士龙虾牛扒自助餐厅,赖胖子肉蟹煲,绿茵阁西餐厅,亚米高西餐厅
广东,惠州,2017-03-01,汕头八合里海记牛肉店(惠州麦地店),南田山庄,海底捞(华贸店),巽寮湾新欢海鲜自选加工大排档(新欢市场大排档),王品牛排(惠州佳兆业店),傅记海鲜饭店,胖哥俩肉蟹煲(华贸店),一成光料理,与舍,鹏友汇客家餐厅
广东,梅州,2017-03-01,品真靓汤,胡桃里音乐酒馆,品真山房,新嘉园海鲜城,金苑酒家(万象店),粤顺粤德顺德菜,好口福客家食府,昌盛豪生大酒店西餐厅(西餐厅),宏兴柴火土灶,叶家饭店
广东,河源,2017-03-01,聚福楼客家餐馆,点心传说(万隆城店),万绿客家王,年辉渔村,汇景希尔顿逸林酒店悦轩中餐厅,龙福楼,品鱻斑鱼庄(原马家斑鱼庄),巴伐利亚庄园福朋喜来登度假酒店(宜客乐全日西餐厅),仙庙烧鸡(河源总店),湖边人家(码头店)
广东,阳江,2017-03-01,三秋园緑茶餐厅(百利广场店),宴寓古典艺术连锁餐饮(百利广场店),菏题蔬食料理新派茶市餐厅,顺风食府,赶蟹手抓海鲜主题餐厅(百利广场店),小牛狂人餐吧(三环路店),牛皇叔自助烤肉,原汁园味园林火锅(名扬广场店),小团圆老火锅,韩道自助烤肉餐厅
广东,清远,2017-03-01,探鱼(清远万达广场店),大城小厨(旧城店),鲜入为煮日式料理店(日式海鮮刺身料理店),回味柴火农庄,春意概念餐厅,麻辣英雄重庆老火锅(清远店),佰鲜一品鲍鱼鸡,至尊牛扒(清远店),品味园山庄,烤得住时尚自助烧烤店(清新美林店)
广东,东莞,2017-03-01,汕头八合里海记牛肉店(第一国际店),汕头八合里海记牛肉店(东城万达店),汕头八合里海记牛肉店(南城店),鲜焗 baked fresh,大腕鳗,小野赞关东煮屋,人山人海国际美食会,海洋莞,何莉儿 HOLLYII,鸟剑居酒屋(东城店)
广东,中山,2017-03-01,石岐佬(张溪店),汕头八合里海记牛肉店(利和广场店),Restaurant Koji餐厅,赏点就点 早茶·点心,嚣日本料理,点旨一笼,小龙坎老火锅(南下店),KIWI FOOD,探鱼(中山店),泰叻
广东,潮州,2017-03-01,阿彬牛肉火锅(牌坊街分店),红磨坊(潮州店),官塘锋记鱼生,官塘原味鱼生,郑厨私房菜,韩上楼大酒楼,探鱼,吴祥記,西关厨子(广场店),辉记老牌砂锅粥水蛇鸡(城新店)
广东,揭阳,2017-03-01,大龍燚火锅,点心传说,德哥大排档,饭点渔乐,探鱼(普宁万泰汇店),花田寿司,胡桃里音乐酒馆,明思味•潮汕美食馆,七欣天品蟹轩(揭阳广百百货),御膳江南(万泰汇店)
广西,,2017-03-02,海底捞,小南国(文明店),蛙小侠(航洋店),大师傅金奖啤酒鱼(总店),潮牛海记(航洋城店),蛙小侠(万象店),椿记烧鹅(中山店),渔夫啤酒鱼(十五年老店),椿记烧鹅(阳朔店),好食来海鲜小排档
广西,南宁,2017-03-02,海底捞,蛙小侠(航洋店),潮牛海记(航洋城店),蛙小侠(万象店),桂小厨(万象城店),蘭香(航洋国际城店),撒椒(南宁航洋国际店),胡桃里音乐酒馆(星湖北一里店),桂小厨(悦荟店),reset restaurant 重置餐厅
广西,柳州,2017-03-02,屋顶音乐餐厅酒吧(萝卜洲餐饮连锁),重庆小洞天九宫格火锅,和久寿司铁板烧(五星步行街店),椿记烧鹅(江滨店),银鲨海鲜自助烤涮,探鱼(步步高店),胡桃里音乐酒馆(柳州店),海吃海喝海鲜烤肉火锅主题自助餐厅,万达嘉华酒店美食汇自助餐厅(美食汇自助餐厅),冬冬广西民间菜(银泰城店)
广西,桂林,2017-03-02,小南国(文明店),大师傅金奖啤酒鱼(总店),椿记烧鹅(中山店),渔夫啤酒鱼(十五年老店),椿记烧鹅(阳朔店),蛙小侠铁锅牛蛙,老表记,小南国(翠竹路店),大师傅金奖啤酒鱼(西街老店),大师傅金奖啤酒鱼(形象店)
广西,北海,2017-03-02,好食来海鲜小排档,覃记海鲜大排档,花姐海鲜大排档(领秀一方店),渔鱼小海鲜,食庐人气餐厅(涠洲岛店),食悦美食餐厅(涠洲岛店),真味馆,侨越越南卷粉(总店),庞妹海鲜大排档,外沙疍家棚
广西,,2017-03-01,海底捞,小南国(文明店),潮牛海记(航洋城店),蛙小侠(航洋店),蛙小侠(万象店),椿记烧鹅(中山店),桂小厨(万象城店),椿记烧鹅(阳朔店),大师傅金奖啤酒鱼(总店),撒椒(南宁航洋国际店)
广西,南宁,2017-03-01,海底捞,潮牛海记(航洋城店),蛙小侠(航洋店),蛙小侠(万象店),桂小厨(万象城店),撒椒(南宁航洋国际店),胡桃里音乐酒馆(星湖北一里店),四海一家(华润中心店),蘭香(航洋国际城店),泰小痴
广西,柳州,2017-03-01,椿记烧鹅(江滨店),阿元烧鹅(城中万达店),屋顶音乐餐厅酒吧(萝卜洲餐饮连锁),银鲨海鲜自助烤涮,万达嘉华酒店美食汇自助餐厅(美食汇自助餐厅),海吃海喝海鲜烤肉火锅主题自助餐厅,胡桃里音乐酒馆(柳州店),好男人餐厅,乐时榴莲披萨(五星街德才大厦店),捡得一条狗
广西,桂林,2017-03-01,小南国(文明店),椿记烧鹅(中山店),椿记烧鹅(阳朔店),大师傅金奖啤酒鱼(总店),渔夫啤酒鱼(十五年老店),小南国(解放西路店),桂客餐厅(桂林粥城滨江路店),蛙小侠铁锅牛蛙,小南国(翠竹路店),椿记烧鹅(叠彩店)
广西,北海,2017-03-01,覃记海鲜大排档,好食来海鲜小排档,花姐海鲜大排档(领秀一方店),食庐人气餐厅(涠洲岛店),真味馆,渔鱼小海鲜,外沙疍家棚,香格里拉大酒店,表妹香港靓点餐厅,鲨渔湾海鲜美食
海南,,2017-03-02,宫满西廷,龙湾湖畔餐厅,海角九号海鲜餐厅,花姐好再来海鲜加工店(总店),美味生活私房菜(亚龙湾旗舰店),张猫猫的店(大东海店),天房洲际度假酒店-海洋餐厅(涛餐厅),喜喜港式茶餐厅(亚龙湾店),拾味馆(海景花园店),三亚雪姐海鲜
海南,海口,2017-03-02,琼菜王美食村,撒椒(海航日月广场店),顺拾蒸海鲜蒸汽料理(京华城店),东就鸭饭店(西沙店),太二酸菜鱼(日月广场店),大椰小馆(日月广场店),海底捞火锅(明珠路店),cocolol我爱南洋菜(日月广场店),龙记斑鱼莊,炙怀石烧肉(上邦百汇城店)
海南,三亚,2017-03-02,宫满西廷,龙湾湖畔餐厅,海角九号海鲜餐厅,花姐好再来海鲜加工店(总店),美味生活私房菜(亚龙湾旗舰店),张猫猫的店(大东海店),天房洲际度假酒店-海洋餐厅(涛餐厅),喜喜港式茶餐厅(亚龙湾店),拾味馆(海景花园店),三亚雪姐海鲜
海南,陵水,2017-03-02,渔村人家海边餐厅专车接送,浪沙和味碳炉餐厅,后海农家小院,淘香阁渔排海上餐厅,万福龙渔村,海韵壹号渔鲜楼,东北一家人,清水湾游艇会铁板料理,小龙女海鲜,陵水县海鲜市场
海南,琼海,2017-03-02,【可外卖】Sasa的海(博鳌特色店),回味鸡汤店,海的故事,农厨好味,春笋渔村,潭门港海鲜大排档,湘潭河鱼馆(湘川菜),七毛九海鲜火锅自助(博鳌金海岸大酒店),景里,昌隆饭店
海南,万宁,2017-03-01,鑫鑫猪肚鸡饭店,新喜洋海的传说海鲜餐厅,廣仔海鲜坊,屯昌枫木香草鸭(兴隆店),伊萨娜印尼餐馆,点赞海鲜加工坊,岛中岛渔排(岛中岛海鲜城店),中奥戴斯酒店堤雅餐厅,新中酒家,石梅湾艾美酒店日韩餐厅
海南,,2017-03-01,宫满西廷,花姐好再来海鲜加工店(总店),龙湾湖畔餐厅,海角九号海鲜餐厅,张猫猫的店(大东海店),美味生活私房菜外卖(亚龙湾旗舰店),天房洲际度假酒店-海洋餐厅(涛餐厅),拾味馆(海景花园店),Sasa的海(龙江风情小镇店),喜喜港式茶餐厅(亚龙湾店)
海南,海口,2017-03-01,琼菜王美食村,顺拾蒸海鲜蒸汽料理(京华城店),蛙来哒(日月广场店),海底捞火锅(明珠路店),大椰小馆(日月广场店),东就鸭饭店(西沙店),撒椒(海航日月广场店),牛局烧肉酒场(日月广场店),零度空间(海口宜欣城店),茶和荟
海南,三亚,2017-03-01,宫满西廷,花姐好再来海鲜加工店(总店),龙湾湖畔餐厅,海角九号海鲜餐厅,张猫猫的店(大东海店),美味生活私房菜外卖(亚龙湾旗舰店),天房洲际度假酒店-海洋餐厅(涛餐厅),拾味馆(海景花园店),Sasa的海(龙江风情小镇店),喜喜港式茶餐厅(亚龙湾店)
海南,陵水,2017-03-01,浪沙和味碳炉餐厅,渔村人家海边餐厅专车接送,万福龙渔村,后海农家小院,淘香阁渔排海上餐厅,东北一家人,蓝湾碧波鱼排,香水湾富力万豪度假酒店亚洲风尚餐厅,海韵壹号渔鲜楼,原味主张椰子鸡（陵水店）(海口)
海南,琼海,2017-03-01,【可外卖】Sasa的海(博鳌特色店),农厨好味,回味鸡汤店,海的故事,景里,万泉河旧事农家庄,湘潭河鱼馆(湘川菜),七毛九海鲜火锅自助(博鳌金海岸大酒店),潭门港海鲜大排档,春笋渔村
海南,万宁,2017-03-01,鑫鑫猪肚鸡饭店,新喜洋海的传说海鲜餐厅,廣仔海鲜坊,屯昌枫木香草鸭(兴隆店),伊萨娜印尼餐馆,点赞海鲜加工坊,岛中岛渔排(岛中岛海鲜城店),中奥戴斯酒店堤雅餐厅,新中酒家,石梅湾艾美酒店日韩餐厅
重庆,,2017-03-02,纸盐河码头火锅(洪崖洞店),杨记隆府,楼兰新疆主题餐厅(时代天街D馆店),珮姐老火锅(较场口店),楼兰新疆主题餐厅(南坪协信星光店),叼嘴人江湖酒馆,酒阳蒸经小酒馆,尘香,胖哥俩肉蟹煲(龙湖时代天街店),楼兰新疆主题餐厅(万象城店)
重庆,重庆,2017-03-02,纸盐河码头火锅(洪崖洞店),杨记隆府,楼兰新疆主题餐厅(时代天街D馆店),珮姐老火锅(较场口店),楼兰新疆主题餐厅(南坪协信星光店),叼嘴人江湖酒馆,酒阳蒸经小酒馆,尘香,胖哥俩肉蟹煲(龙湖时代天街店),楼兰新疆主题餐厅(万象城店)
重庆,,2017-03-01,纸盐河码头火锅(洪崖洞店),杨记隆府,楼兰新疆主题餐厅(时代天街D馆店),珮姐老火锅(较场口店),楼兰新疆主题餐厅(南坪协信星光店),叼嘴人江湖酒馆,尘香,舌尖记忆(解放碑店),胖哥俩肉蟹煲(龙湖时代天街店),楼兰新疆主题餐厅(万象城店)
重庆,重庆,2017-03-01,纸盐河码头火锅(洪崖洞店),杨记隆府,楼兰新疆主题餐厅(时代天街D馆店),珮姐老火锅(较场口店),楼兰新疆主题餐厅(南坪协信星光店),叼嘴人江湖酒馆,尘香,舌尖记忆(解放碑店),胖哥俩肉蟹煲(龙湖时代天街店),楼兰新疆主题餐厅(万象城店)
四川,,2017-03-02,朴田泰式海鲜火锅(泛悦国际店),饕林餐厅,小龙坎老火锅(春熙店),冒椒火辣(奎星楼街店),姜虎东白丁烤肉IFS店,朴田泰式海鲜火锅(丝竹路店),马旺子•川小馆,柴门饭儿(成都远洋太古里店),蜀大侠.来成都必吃的火锅(西玉龙店),凤望龙门老火锅•来四川必吃的火锅(春熙店)
四川,成都,2017-03-02,朴田泰式海鲜火锅(泛悦国际店),饕林餐厅,小龙坎老火锅(春熙店),冒椒火辣(奎星楼街店),姜虎东白丁烤肉IFS店,朴田泰式海鲜火锅(丝竹路店),马旺子•川小馆,柴门饭儿(成都远洋太古里店),蜀大侠.来成都必吃的火锅(西玉龙店),凤望龙门老火锅•来四川必吃的火锅(春熙店)
四川,自贡,2017-03-02,光大老街兔(三八路店),鸿鹤仔姜鲜锅兔(老店),食神又名厕所兔,邱金小炒,大安烧牛肉馆,盐帮老街兔,飞虹鱼馆,桥头三嫩,7°宴遇,兔行天下鸿鹤鲜锅兔
四川,泸州,2017-03-02,烤匠KaoMaster(佳乐金街店),巴色鱼捞,蜀南人家土菜馆,五味轩(大田口店),烤匠kaomaster(泸州佳乐金街店),彼德西餐厅(万象汇店),良牛满赞潮汕牛肉,裕红阁(城西店),巴色鱼捞,香佰里鲜货火锅
四川,德阳,2017-03-02,尼尼亚铁板烧餐厅(钟鼓楼总店),兄弟船精致日料(德阳店),土巴碗火锅庭院(香飘飘店),钢管厂五区小郡肝串串香,尼尼亚铁板烧餐厅(洋洋百货分店),旌城焰遇火锅,一环里,一洋刺身,煮肴疯味蒋掌勺,名家坊(洋河店)
四川,绵阳,2017-03-02,小龙坎老火锅(绵阳崇尚国际店),钢管厂五区小郡肝串串香,胡桃里,味绝美蛙鱼头(南河店),初墨-别墅花园私房餐厅,费利奥国际美食汇,吉布鲁牛排海鲜自助餐厅(绵阳城区店),巴色鱼捞,名古炭烧屋,辉燃小郡肝罐罐串串
四川,遂宁,2017-03-02,韩悦韩式烤肉(遂宁万达店),泰香柠,小龙坎老火锅,老蜀人江湖菜,牛珍轩潮汕牛肉毛肚火锅(遂宁店),自由舌彩海鲜自助,澳洲肥牛捞捞锅牛排海鲜自助,吉布鲁牛排海鲜自助餐(大都会店),莎廊彩韩国碳烤肉,碰香老火锅
四川,乐山,2017-03-02,品味峨眉,芳芳跷脚牛肉(百年老店),口福跷脚牛肉老店,老峨眉土菜馆,冯四女上跷脚牛肉(百年传承店),汤牛汤跷脚牛肉总店,尽膳口福跷脚牛肉老店,大众牛肉-传承苏稽峨眉.百年牛肉文化,古市香跷脚牛肉(非物质文化遗产餐厅),雲香源翘脚牛肉(老店)
四川,南充,2017-03-02,柠檬泰东南亚料理(王府井店),陵江大河鱼,黑门烧肉居酒屋,小龙坎老火锅,山葵家日式料理,石泉料理,澳洲肥牛捞捞锅牛排海鲜自助(南充店),米奇淋牛排海鲜自助,潮牛时代,花海牛火锅
四川,眉山,2017-03-02,眉州东坡酒楼,农夫老灶火锅(洪雅店),苏稽跷脚牛肉(眉山店),马旺子,火辣传奇,王家渡火锅,吉多莱牛排海鲜自助餐厅,销魂掌(仁寿店),左记生态鱼火锅,丹棱一绝祖传干拌鸡(眉山店)
四川,宜宾,2017-03-02,川西坝子土菜馆(南岸会馆路店),韩都汇炭火烤肉,小龙坎老火锅(西区店),吉布鲁牛排·海鲜自助(宜宾店),川西坝子土菜馆(金沙广场店),汉丽轩烤肉(北大街店),京泽料理(财富广场店),九牛城,福鱼烤鱼(福鱼烤鱼),祖母的厨房西餐厅
四川,阿坝,2017-03-02,湘渝食府(十八年老店),老成都川菜馆(十五年老店),水磨山菜王,重庆人家-万州烤鱼(二十年老店),如意林卡藏餐,九里香(三世传承店),鱼苗豆花鸡,九寨沟绒巴兄弟藏餐吧(28年老店),重庆饭馆,九安飘香园饭店
四川,凉山,2017-03-02,飘香鱼馆,摩梭火焰烧烤,馋嘴馆,川菜坊,食光饱盒私房餐厅,里格岛扎西家,守望食光(泸沽湖店),宋记建昌马帮菜,宋记冕宁土菜馆(二分店),老号李小肠特色烧烤园
四川,,2017-03-01,冒椒火辣(奎星楼街店),朴田泰式海鲜火锅(丝竹路店),朴田泰式海鲜火锅(泛悦国际店),凤望龙门老火锅•来四川必吃的火锅(春熙店),饕林餐厅,小龙坎老火锅(春熙店),柴门饭儿(成都远洋太古里店),马旺子•川小馆,姜虎东白丁烤肉IFS店,蜀大侠.来成都必吃的火锅(西玉龙店)
四川,成都,2017-03-01,冒椒火辣(奎星楼街店),朴田泰式海鲜火锅(丝竹路店),朴田泰式海鲜火锅(泛悦国际店),凤望龙门老火锅•来四川必吃的火锅(春熙店),饕林餐厅,小龙坎老火锅(春熙店),柴门饭儿(成都远洋太古里店),马旺子•川小馆,姜虎东白丁烤肉IFS店,蜀大侠.来成都必吃的火锅(西玉龙店)
四川,自贡,2017-03-01,邱金小炒,光大老街兔(三八路店),鸿鹤仔姜鲜锅兔(老店),食神又名厕所兔,谢大姐酒家,大安烧牛肉馆,兔行天下鸿鹤鲜锅兔,蜀江春,传统蘸水菜,飞虹鱼馆
四川,泸州,2017-03-01,巴色鱼捞,蜀南人家土菜馆,烤匠KaoMaster(佳乐金街店),香佰里鲜货火锅,五味轩(大田口店),小龙坎老火锅,泸州小馋院,巴蜀外婆家+(泸州店),王子厨房概念餐厅,麻辣空间(尚品店)
四川,德阳,2017-03-01,尼尼亚铁板烧餐厅(钟鼓楼总店),兄弟船精致日料(德阳店),土巴碗火锅庭院(香飘飘店),煮肴疯味蒋掌勺,旌城焰遇火锅,禾家里院,尼尼亚铁板烧餐厅(洋洋百货分店),一环里,自由空间自助,探鱼（Tan鱼）炭火烤鱼
四川,绵阳,2017-03-01,小龙坎老火锅(绵阳崇尚国际店),胡桃里,钢管厂五区小郡肝串串香,初墨-别墅花园私房餐厅,巴色鱼捞,吉布鲁牛排海鲜自助餐厅(绵阳城区店),驰走三味日式炭烧烤肉,石泉日式料理,名古炭烧屋,味绝美蛙鱼头(南河店)
四川,乐山,2017-03-01,口福跷脚牛肉老店,古市香跷脚牛肉(非物质文化遗产餐厅),品味峨眉,芳芳跷脚牛肉(百年老店),冯四女上跷脚牛肉(百年传承店),一碗香跷脚牛肉,大众牛肉-传承苏稽峨眉.百年牛肉文化,开水鸡(西坝豆腐传承店),老峨眉土菜馆,雲香源翘脚牛肉(老店)
四川,南充,2017-03-01,石泉料理,黄记煌(南充王府井店),李家厨房,柠檬泰东南亚料理(王府井店),陵江大河鱼,烹火,小龙坎老火锅,山葵家日式料理,古兰古阆穆林清真餐厅,黑门烧肉居酒屋
四川,眉山,2017-03-01,眉州东坡酒楼,马旺子,苏稽跷脚牛肉(眉山店),亚马逊南美烤肉牛排自助餐厅,吉布鲁牛排海鲜自助,农夫老灶火锅(洪雅店),丹棱一绝祖传干拌鸡(眉山店),桐花巷子,吾魏.酸菜鸡,哑巴兔
四川,宜宾,2017-03-01,小龙坎老火锅(城区店),京泽料理(大观楼店),九牛城,竹仙阁·老字号首席全竹宴,大板烤五花,川西坝子土菜馆(南岸会馆路店),小龙坎老火锅(西区店),宜宾老烧烤(城区店),宽宽干锅,汉丽轩烤肉(北大街店)
四川,阿坝,2017-03-01,重庆饭馆,乡土川菜餐馆,老成都川菜馆(十五年老店),湘渝食府(十八年老店),九安飘香园饭店,重庆人家-万州烤鱼(二十年老店),如意林卡藏餐,九寨沟绒巴兄弟藏餐吧(28年老店),老兵烧烤-九寨特色,重庆老灶火锅(九寨沟店)
四川,凉山,2017-03-01,里格岛扎西家,摩梭火焰烧烤,彩云格姆野生菌火锅,西昌胡四哥特色烧烤,宋记冕宁土菜馆(二分店),老号李小肠特色烧烤园,守望食光(泸沽湖店),熊姐烧烤,馋嘴馆,冕宁火盆烧烤
贵州,,2017-03-02,树厨地道黔菜餐厅(左藏三库店),老凯俚酸汤鱼(省府路店),树厨地道黔菜餐厅(大十字店),小龙坎老火锅(未来方舟店),万家餐厅,恒府1993(文昌北路店),老凯俚酸汤鱼(鸿通城店),丝恋红汤丝娃娃(国贸逸天城店),卡米拉雷门拉面馆,凯里苗岭酸汤鱼二十年老店
贵州,贵阳,2017-03-02,树厨地道黔菜餐厅(左藏三库店),老凯俚酸汤鱼(省府路店),树厨地道黔菜餐厅(大十字店),小龙坎老火锅(未来方舟店),万家餐厅,恒府1993(文昌北路店),老凯俚酸汤鱼(鸿通城店),丝恋红汤丝娃娃(国贸逸天城店),卡米拉雷门拉面馆,凯里苗岭酸汤鱼二十年老店
贵州,遵义,2017-03-02,遵义帝景世尊酒店,桶桶烧,老江最黔线,爱运动(遵义星力城店),味蜀吾老火锅,石锅渔府茅台私房菜,壹颗印酒楼,茅台镇记忆-盘中餐,王静1964,遵义老店烤肉
贵州,,2017-03-01,树厨地道黔菜餐厅(左藏三库店),老凯俚酸汤鱼(省府路店),万家餐厅,树厨地道黔菜餐厅(大十字店),恒府1993(文昌北路店),滋粥楼,煮意潮牛潮汕牛肉(都司路店),老凯俚酸汤鱼(鸿通城店),小龙坎老火锅(未来方舟店),凯里苗岭酸汤鱼二十年老店
贵州,贵阳,2017-03-01,树厨地道黔菜餐厅(左藏三库店),老凯俚酸汤鱼(省府路店),万家餐厅,树厨地道黔菜餐厅(大十字店),恒府1993(文昌北路店),滋粥楼,煮意潮牛潮汕牛肉(都司路店),老凯俚酸汤鱼(鸿通城店),小龙坎老火锅(未来方舟店),凯里苗岭酸汤鱼二十年老店
贵州,遵义,2017-03-01,桶桶烧,遵义帝景世尊酒店,龙液酸汤乌鱼府,老江最黔线,汉丽轩自助烤肉餐厅(中华南路店),一品黔菜(珠海路店),三十三号庭院(星力城A馆店),根据地红色文化主题餐厅(赤水店),外婆家传菜(碧云路店),天下粮仓
云南,,2017-03-02,欢喜拾味云南菜馆,小龙坎火锅,我在大理等你●方舟胖子厨房●云南野生菌●家常菜,福照楼(锦江店),和叔食府,阿妈意纳西饮食院(小石桥店),洱月小厨野生菌养生汤锅,小锅巴纳西美食,傣橡树餐厅●精品私房菜,竹里馆
云南,昆明,2017-03-02,欢喜拾味云南菜馆,小龙坎火锅,福照楼(锦江店),竹里馆,福照楼(护国店),虎奔线下体验店(下体验店),老滇山寨(永安路店),小翠(滇西小炒),石屏会馆,福照楼(龙腾总店)
云南,保山,2017-03-02,蒲密湖畔全景茶餐吧,腾冲和顺五阿哥私家小馆,妈妈的味道私房菜,龙姐私房菜,张家大院私房菜,乡村小花园饭店,姚记抚仙湖石锅鱼庄,和记大千火锅鱼,朝伟清真铜瓢牛肉,无有景观餐厅
云南,西双版纳,2017-03-02,傣橡树餐厅●精品私房菜,傣庄园-正宗傣味餐厅,芭蕉·森林精品傣味餐厅,阿苗土菜馆传统傣味,傣楼园地道傣味餐厅,告庄特色海鲜蒸汽石锅鱼(旗舰体验店),曼飞龙烤鸡,简朴寨餐厅,红牙象.傣味美食园,库玛丽尼泊尔风味餐吧
云南,大理,2017-03-02,我在大理等你●方舟胖子厨房●云南野生菌●家常菜,洱月小厨野生菌养生汤锅,婷院私厨,双廊转角食光▲花园餐厅,大理沐府隐拾餐厅●明星出没餐厅,复兴小院·私房菜,寻味小馆·私房菜·云南寻味之旅,渔•白族农家菜,云水肴(人民路分店),舟渔的鱼●小院餐厅
云南,丽江,2017-03-02,和叔食府,阿妈意纳西饮食院(小石桥店),小锅巴纳西美食,文氏奶奶小厨,十年老字号腊排骨火锅店(有家火锅店),杂菜烩·汇美食,江措鱼庄(三文鱼火锅),饵块食光,石锅渔▪山珍馆,云雪丽餐厅(阿顺厨房店)
云南,,2017-03-01,我在大理等你●方舟胖子厨房●云南野生菌●家常菜,欢喜拾味云南菜馆,福照楼(锦江店),小锅巴纳西美食,小龙坎火锅,和叔食府,阿妈意纳西饮食院(小石桥店),竹里馆,虎奔线下体验店(下体验店),石屏会馆
云南,昆明,2017-03-01,欢喜拾味云南菜馆,福照楼(锦江店),小龙坎火锅,竹里馆,虎奔线下体验店(下体验店),石屏会馆,福照楼(护国店),醉云喃民俗风味酒楼(东寺街店),福照楼(龙腾总店),Crazy ones 疯狂的怪才西班牙海鲜饭
云南,保山,2017-03-01,妈妈的味道私房菜,腾冲和顺五阿哥私家小馆,张家大院私房菜,蒲密湖畔全景茶餐吧,乡村小花园饭店,龙姐私房菜,无有景观餐厅,积木舫私享音乐餐厅,季老板的火塘特色火山石烤肉(和顺店),朝伟清真铜瓢牛肉
云南,西双版纳,2017-03-01,傣橡树餐厅●精品私房菜,芭蕉·森林精品傣味餐厅,傣庄园-正宗傣味餐厅,阿苗土菜馆传统傣味,傣楼园地道傣味餐厅,告庄特色海鲜蒸汽石锅鱼(旗舰体验店),曼飞龙烤鸡,红牙象.傣味美食园,傣家木桶鱼,库玛丽尼泊尔风味餐吧
云南,大理,2017-03-01,我在大理等你●方舟胖子厨房●云南野生菌●家常菜,复兴小院·私房菜,云水肴(人民路分店),双廊转角食光▲花园餐厅,婷院私厨,洱月小厨野生菌养生汤锅,大理沐府隐拾餐厅●明星出没餐厅,双廊渔家小院,花时间私房菜,寻味小馆·私房菜·云南寻味之旅
云南,丽江,2017-03-01,小锅巴纳西美食,和叔食府,阿妈意纳西饮食院(小石桥店),杂菜烩·汇美食,文氏奶奶小厨,石锅渔▪山珍馆,十年老字号腊排骨火锅店(有家火锅店),饵块食光,云雪丽餐厅(阿顺厨房店),江措鱼庄(三文鱼火锅)
西藏,,2017-03-02,央卿仓藏餐厅,岗底斯-藏餐-尼泊尔餐厅,玛吉阿米西餐吧,拉萨娜玛瑟德餐厅(宇拓路店),五味轩鱼火锅(烹鱼专家),安多诺增藏餐(一分店),吉祥圣雪藏餐,田村·酸菜笋子鸡(德吉支路店),蒲巴仓-演艺藏餐厅,眉山烧烤
西藏,拉萨,2017-03-02,央卿仓藏餐厅,岗底斯-藏餐-尼泊尔餐厅,玛吉阿米西餐吧,拉萨娜玛瑟德餐厅(宇拓路店),五味轩鱼火锅(烹鱼专家),安多诺增藏餐(一分店),吉祥圣雪藏餐,田村·酸菜笋子鸡(德吉支路店),蒲巴仓-演艺藏餐厅,眉山烧烤
西藏,,2017-03-01,央卿仓藏餐厅,岗底斯-藏餐-尼泊尔餐厅,拉萨娜玛瑟德餐厅(宇拓路店),玛吉阿米西餐吧,田村·酸菜笋子鸡(德吉支路店),吉祥圣雪藏餐,安多诺增藏餐(一分店),一叶一世界藏茶素食火锅(雪雁街店),小肥羊火锅,汉丽轩烤肉火锅自助餐厅
西藏,拉萨,2017-03-01,央卿仓藏餐厅,岗底斯-藏餐-尼泊尔餐厅,拉萨娜玛瑟德餐厅(宇拓路店),玛吉阿米西餐吧,田村·酸菜笋子鸡(德吉支路店),吉祥圣雪藏餐,一叶一世界藏茶素食火锅(雪雁街店),安多诺增藏餐(一分店),汉丽轩烤肉火锅自助餐厅,小肥羊火锅
陕西,,2017-03-02,长安大牌档(长安集市店),江城小馆陕南妈妈菜,鹿桃餐厅,凹串串老火锅,Tokyo东京食堂,汉来海港自助餐厅(汉神购物广场店),梵,KING MO MO宽炉烤肉,俄式厨房,刘宝老家铜锅串串
陕西,西安,2017-03-02,长安大牌档(长安集市店),江城小馆陕南妈妈菜,鹿桃餐厅,凹串串老火锅,Tokyo东京食堂,汉来海港自助餐厅(汉神购物广场店),梵,KING MO MO宽炉烤肉,俄式厨房,刘宝老家铜锅串串
陕西,宝鸡,2017-03-02,令氏家外家(高新店),小龙坎老火锅(英达路店),原来宝鸡,胡桃里音乐酒馆,佐鱼寿司,李想大虾火锅花园(总店),北京老铺烤鸭(金铺店),古家火锅(新建路店),和胜记潮汕传统牛肉火锅,千家粗粮王(经一路店)
陕西,咸阳,2017-03-02,海底捞火锅(咸阳丽彩万达店),奥赛奥章鱼水煎肉(财富中心店),花田煮臻牛,秘庭烧烤料理,闷墩儿火锅,小满鱼铺日式料理(万达店),阿记烧烤,牵牛花潮汕牛肉火锅,麻辣尚席(财富中心店),虾厨
陕西,渭南,2017-03-01,花田煮臻牛(渭南店),胖哥俩肉蟹煲(渭南店),九锅一堂(渭南万达店),关中道陕味艺术餐厅(西岳庙店),重庆渝味晓宇火锅(信达广场店),千家粗粮王(渭南店),王妃家的年糕火锅,马回斋(东风路店),小肥羊火锅餐厅(仓程路店),野葡萄时尚自助餐厅(渭南万达店)
陕西,汉中,2017-03-01,三味渔府(总店),烤匠炭火烤鱼(汉中万邦店),三味渔府(形象店),银河鲜鱼庄,堰坝鱼庄,老板娘的烤肉店,壹火锅,印象汉中,大圆小圈海鲜自助餐厅,黄记煌三汁焖锅(汉中民生广场店)
陕西,,2017-03-01,长安大牌档(长安集市店),凹串串老火锅,刘宝老家铜锅串串,江城小馆陕南妈妈菜,长安大牌档(印象城购物中心店),梵,Tokyo东京食堂,鹿桃餐厅,甲泰船面(高科广场店),烛影拾光
陕西,西安,2017-03-01,长安大牌档(长安集市店),凹串串老火锅,刘宝老家铜锅串串,江城小馆陕南妈妈菜,长安大牌档(印象城购物中心店),梵,Tokyo东京食堂,鹿桃餐厅,甲泰船面(高科广场店),烛影拾光
陕西,宝鸡,2017-03-01,胡桃里音乐酒馆,令氏家外家(高新店),小龙坎老火锅(英达路店),蝦潮,原来宝鸡,海神主题餐厅,阿瓦山寨,佐鱼寿司,蒸上鲜海鲜蒸汽蒸菜主题餐厅(高新店),小肥羊(宝鸡怡园店)
陕西,咸阳,2017-03-01,海底捞火锅(咸阳丽彩万达店),花田煮臻牛,奥赛奥章鱼水煎肉(财富中心店),闷墩儿火锅,秘庭烧烤料理,麻辣尚席(财富中心店),曼谷小象泰式火锅,小满鱼铺日式料理(万达店),胖哥俩肉蟹煲(北口财富中心店),阿记烧烤
陕西,渭南,2017-03-01,花田煮臻牛(渭南店),胖哥俩肉蟹煲(渭南店),九锅一堂(渭南万达店),关中道陕味艺术餐厅(西岳庙店),重庆渝味晓宇火锅(信达广场店),千家粗粮王(渭南店),王妃家的年糕火锅,马回斋(东风路店),小肥羊火锅餐厅(仓程路店),野葡萄时尚自助餐厅(渭南万达店)
陕西,汉中,2017-03-01,三味渔府(总店),烤匠炭火烤鱼(汉中万邦店),三味渔府(形象店),银河鲜鱼庄,堰坝鱼庄,老板娘的烤肉店,壹火锅,印象汉中,大圆小圈海鲜自助餐厅,黄记煌三汁焖锅(汉中民生广场店)
甘肃,,2017-03-02,Charlie's Burger美国查理餐厅,重庆九记老火锅,海底捞火锅(东方红广场店),天香百合创艺餐厅,麻小麻辣诱惑(兰州店),重庆小龙坎老火锅(正宁路店),重庆袁老四老火锅(兰州总店),大龙燚火锅,顶层味蕾餐厅(清真),阿西娅羊羔肉
甘肃,兰州,2017-03-02,Charlie's Burger美国查理餐厅,重庆九记老火锅,海底捞火锅(东方红广场店),天香百合创艺餐厅,麻小麻辣诱惑(兰州店),重庆小龙坎老火锅(正宁路店),重庆袁老四老火锅(兰州总店),大龙燚火锅,顶层味蕾餐厅(清真),阿西娅羊羔肉
甘肃,,2017-03-01,麻小麻辣诱惑(兰州店),重庆小龙坎老火锅(正宁路店),重庆九记老火锅,重庆袁老四老火锅(兰州总店),Charlie's Burger美国查理餐厅,海底捞火锅(东方红广场店),天香百合创艺餐厅,V斯汀自助盛宴,美国巴迪家餐厅(平凉路店),兄弟船刺身(麦积山路店)
甘肃,兰州,2017-03-01,麻小麻辣诱惑(兰州店),重庆小龙坎老火锅(正宁路店),重庆九记老火锅,重庆袁老四老火锅(兰州总店),Charlie's Burger美国查理餐厅,海底捞火锅(东方红广场店),天香百合创艺餐厅,V斯汀自助盛宴,美国巴迪家餐厅(平凉路店),兄弟船刺身(麦积山路店)
青海,,2017-03-02,继承独一味生烤羊排,青海土火锅(国际村店),白驼退骨茶餐厅,清真益鑫羊肉手抓馆(花园北街店),火锅而已,小龙坎老火锅力盟店,马哈买提老字号,胡桃里音乐酒馆,清真益鑫羊肉手抓馆(南大街店),下杨家青海土火锅
青海,西宁,2017-03-02,继承独一味生烤羊排,青海土火锅(国际村店),白驼退骨茶餐厅,清真益鑫羊肉手抓馆(花园北街店),火锅而已,小龙坎老火锅力盟店,马哈买提老字号,胡桃里音乐酒馆,清真益鑫羊肉手抓馆(南大街店),下杨家青海土火锅
青海,,2017-03-01,继承独一味生烤羊排,白驼退骨茶餐厅,青海土火锅(国际村店),小龙坎老火锅力盟店,清真清雅楼面片炕羊排,星空云峰港式早晚茶,清真益鑫羊肉手抓馆(花园北街店),胡桃里音乐酒馆,万达嘉华美食汇全日制餐厅,西宁新华联索菲特大酒店锦厨全日制餐厅
青海,西宁,2017-03-01,继承独一味生烤羊排,白驼退骨茶餐厅,青海土火锅(国际村店),小龙坎老火锅力盟店,清真清雅楼面片炕羊排,星空云峰港式早晚茶,清真益鑫羊肉手抓馆(花园北街店),胡桃里音乐酒馆,万达嘉华美食汇全日制餐厅,西宁新华联索菲特大酒店锦厨全日制餐厅
宁夏,,2017-03-02,海底捞火锅(银川王府井店),奈九居酒屋,老毛手抓(鼓楼店),红柳枝烧烤专门店,海天牧场(总店),同心春,阿叶羊杂碎,回宴楼,国强手抓(北京西路店),迎宾楼(解放西街店)
宁夏,银川,2017-03-02,海底捞火锅(银川王府井店),奈九居酒屋,老毛手抓(鼓楼店),红柳枝烧烤专门店,海天牧场(总店),同心春,阿叶羊杂碎,回宴楼,国强手抓(北京西路店),迎宾楼(解放西街店)
宁夏,,2017-03-01,海底捞火锅(银川王府井店),奈九居酒屋,回宴楼,海天牧场(总店),吾桑格原始宽炉烤肉,国强手抓(北京西路店),老毛手抓(鼓楼店),迎宾楼(解放西街店),同心春,清真金迈圆章鱼水煎肉
宁夏,银川,2017-03-01,海底捞火锅(银川王府井店),奈九居酒屋,回宴楼,海天牧场(总店),吾桑格原始宽炉烤肉,国强手抓(北京西路店),老毛手抓(鼓楼店),迎宾楼(解放西街店),同心春,清真金迈圆章鱼水煎肉
新疆,,2017-03-02,宽窄巷子火锅,VERANO HOME KITCHEN(维意堂意大利料理餐厅),nawa·纳瓦新疆菜,小尕子·抓饭来了,大龙燚火锅(明园店),米拉吉(克拉玛依路店),楼兰记忆馕坑肉,大宴之宴海鲜资造,花食间西式餐厅,先生有李明星餐吧
新疆,乌鲁木齐,2017-03-02,宽窄巷子火锅,VERANO HOME KITCHEN(维意堂意大利料理餐厅),nawa·纳瓦新疆菜,小尕子·抓饭来了,大龙燚火锅(明园店),米拉吉(克拉玛依路店),楼兰记忆馕坑肉,大宴之宴海鲜资造,花食间西式餐厅,先生有李明星餐吧
新疆,,2017-03-01,宽窄巷子火锅,炊二哥火锅(乌鲁木齐店),花食间西式餐厅,大龙燚火锅(明园店),米拉吉(克拉玛依路店),nawa·纳瓦新疆菜,大龙燚火锅(天津路店),大宴之宴海鲜资造,小尕子(明园店),小尕子·抓饭来了
新疆,乌鲁木齐,2017-03-01,宽窄巷子火锅,炊二哥火锅(乌鲁木齐店),花食间西式餐厅,大龙燚火锅(明园店),米拉吉(克拉玛依路店),nawa·纳瓦新疆菜,大龙燚火锅(天津路店),大宴之宴海鲜资造,小尕子(明园店),小尕子·抓饭来了
香港,,2017-03-02,一兰拉面(尖沙咀店),甘牌烧鹅,翠华餐厅(加拿芬道店),兰芳园茶餐厅(尖沙咀店),池记（尖沙咀店）,糖朝(尖沙咀店),一兰拉面(铜锣湾店),添好运点心专门店(中环IFC店),添好运点心专门店(深水埗店),唐阁
香港,香港,2017-03-02,一兰拉面(尖沙咀店),甘牌烧鹅,翠华餐厅(加拿芬道店),兰芳园茶餐厅(尖沙咀店),池记（尖沙咀店）,糖朝(尖沙咀店),一兰拉面(铜锣湾店),添好运点心专门店(中环IFC店),添好运点心专门店(深水埗店),唐阁
香港,,2017-03-01,一兰拉面(尖沙咀店),甘牌烧鹅,翠华餐厅(加拿芬道店),池记（尖沙咀店）,兰芳园茶餐厅(尖沙咀店),糖朝(尖沙咀店),一兰拉面(铜锣湾店),添好运点心专门店(中环IFC店),唐阁,喜记蟹将军
香港,香港,2017-03-01,一兰拉面(尖沙咀店),甘牌烧鹅,翠华餐厅(加拿芬道店),池记（尖沙咀店）,兰芳园茶餐厅(尖沙咀店),糖朝(尖沙咀店),一兰拉面(铜锣湾店),添好运点心专门店(中环IFC店),唐阁,喜记蟹将军
澳门,,2017-03-02,沨竹自助餐,小飞象葡国餐厅,澳门旅游塔360°旋转餐厅,皇冠小馆,奥旋自助餐,添发碗仔翅美食,谭家鱼翅(氹仔店),名门海鮮火锅,8餐厅,群芳
澳门,澳门,2017-03-02,沨竹自助餐,小飞象葡国餐厅,澳门旅游塔360°旋转餐厅,皇冠小馆,奥旋自助餐,添发碗仔翅美食,谭家鱼翅(氹仔店),名门海鮮火锅,8餐厅,群芳
澳门,,2017-03-01,沨竹自助餐,名门海鮮火锅,添发碗仔翅美食,奥旋自助餐,谭家鱼翅(氹仔店),小飞象葡国餐厅,8餐厅,澳门旅游塔360°旋转餐厅,番茄屋葡国美食(到會總店),皇冠小馆
澳门,澳门,2017-03-01,沨竹自助餐,名门海鮮火锅,添发碗仔翅美食,奥旋自助餐,谭家鱼翅(氹仔店),小飞象葡国餐厅,8餐厅,澳门旅游塔360°旋转餐厅,番茄屋葡国美食(到會總店),皇冠小馆
台湾,,2017-03-02,上引水产,林东芳牛肉面,马辣顶级麻辣鸳鸯火锅(西门店),肥前屋,吃饭食堂,屋顶上(阳明山店),巷子内海鲜热炒合菜,三味食堂,欣叶台式料理(忠孝店),欣叶101食艺轩(信义路店)
台湾,台北,2017-03-02,上引水产,林东芳牛肉面,马辣顶级麻辣鸳鸯火锅(西门店),肥前屋,吃饭食堂,屋顶上(阳明山店),三味食堂,欣叶台式料理(忠孝店),欣叶101食艺轩(信义路店),马辣顶级麻辣鸳鸯火锅(信义店)
台湾,,2017-03-01,上引水产,林东芳牛肉面,吃饭食堂,欣叶台式料理(忠孝店),肥前屋,欣叶101食艺轩(信义路店),巷子内海鲜热炒合菜,屋顶上(阳明山店),瞒著爹(寿司店(三店)),马辣顶级麻辣鸳鸯火锅(西门店)
台湾,台北,2017-03-01,上引水产,林东芳牛肉面,吃饭食堂,欣叶台式料理(忠孝店),肥前屋,欣叶101食艺轩(信义路店),屋顶上(阳明山店),瞒著爹(寿司店(三店)),马辣顶级麻辣鸳鸯火锅(西门店),欣叶台式料理(信义新天地A9)
